date,US_3M,US_2Y,US_5Y,US_10Y,US_30Y
2015-01-02,0.02,0.66,1.61,2.12,2.69
2015-01-05,0.03,0.68,1.57,2.04,2.6
2015-01-06,0.03,0.65,1.5,1.97,2.52
2015-01-07,0.03,0.62,1.47,1.96,2.52
2015-01-08,0.03,0.62,1.5,2.03,2.59
2015-01-09,0.02,0.59,1.45,1.98,2.55
2015-01-12,0.03,0.56,1.39,1.92,2.49
2015-01-13,0.03,0.54,1.37,1.91,2.49
2015-01-14,0.04,0.51,1.33,1.86,2.47
2015-01-15,0.03,0.44,1.22,1.77,2.4
2015-01-16,0.03,0.49,1.29,1.83,2.44
2015-01-20,0.03,0.53,1.31,1.82,2.39
2015-01-21,0.03,0.53,1.35,1.87,2.44
2015-01-22,0.03,0.53,1.39,1.9,2.46
2015-01-23,0.02,0.52,1.33,1.81,2.38
2015-01-26,0.03,0.54,1.36,1.83,2.4
2015-01-27,0.02,0.54,1.34,1.83,2.4
2015-01-28,0.02,0.5,1.25,1.73,2.29
2015-01-29,0.03,0.51,1.28,1.77,2.33
2015-01-30,0.02,0.47,1.18,1.68,2.25
2015-02-02,0.02,0.49,1.19,1.68,2.25
2015-02-03,0.02,0.52,1.28,1.79,2.37
2015-02-04,0.01,0.52,1.29,1.81,2.39
2015-02-05,0.02,0.52,1.3,1.83,2.42
2015-02-06,0.02,0.65,1.48,1.95,2.51
2015-02-09,0.01,0.65,1.49,1.96,2.52
2015-02-10,0.01,0.67,1.52,2.01,2.58
2015-02-11,0.01,0.67,1.53,2.0,2.57
2015-02-12,0.02,0.61,1.5,1.99,2.58
2015-02-13,0.01,0.66,1.53,2.02,2.63
2015-02-17,0.02,0.7,1.62,2.14,2.73
2015-02-18,0.02,0.62,1.52,2.07,2.7
2015-02-19,0.02,0.67,1.58,2.11,2.73
2015-02-20,0.02,0.67,1.61,2.13,2.73
2015-02-23,0.02,0.64,1.56,2.06,2.66
2015-02-24,0.02,0.6,1.47,1.99,2.6
2015-02-25,0.02,0.61,1.47,1.96,2.56
2015-02-26,0.03,0.66,1.54,2.03,2.63
2015-02-27,0.02,0.63,1.5,2.0,2.6
2015-03-02,0.02,0.66,1.57,2.08,2.68
2015-03-03,0.02,0.68,1.61,2.12,2.71
2015-03-04,0.01,0.66,1.6,2.12,2.72
2015-03-05,0.02,0.65,1.57,2.11,2.71
2015-03-06,0.01,0.73,1.7,2.24,2.83
2015-03-09,0.02,0.7,1.66,2.2,2.8
2015-03-10,0.02,0.7,1.62,2.14,2.73
2015-03-11,0.03,0.7,1.6,2.11,2.69
2015-03-12,0.03,0.67,1.59,2.1,2.69
2015-03-13,0.03,0.68,1.6,2.13,2.7
2015-03-16,0.05,0.66,1.57,2.1,2.67
2015-03-17,0.05,0.7,1.56,2.06,2.61
2015-03-18,0.03,0.57,1.41,1.93,2.51
2015-03-19,0.03,0.63,1.48,1.98,2.54
2015-03-20,0.01,0.6,1.42,1.93,2.5
2015-03-23,0.03,0.6,1.41,1.92,2.51
2015-03-24,0.02,0.58,1.37,1.88,2.46
2015-03-25,0.04,0.59,1.41,1.93,2.5
2015-03-26,0.03,0.61,1.47,2.01,2.6
2015-03-27,0.04,0.58,1.42,1.95,2.53
2015-03-30,0.04,0.58,1.41,1.96,2.55
2015-03-31,0.03,0.56,1.37,1.94,2.54
2015-04-01,0.03,0.55,1.32,1.87,2.47
2015-04-02,0.02,0.55,1.35,1.92,2.53
2015-04-03,0.02,0.49,1.26,1.85,2.49
2015-04-06,0.03,0.51,1.31,1.92,2.57
2015-04-07,0.02,0.52,1.32,1.89,2.52
2015-04-08,0.03,0.54,1.35,1.92,2.53
2015-04-09,0.03,0.56,1.4,1.97,2.61
2015-04-10,0.02,0.57,1.41,1.96,2.58
2015-04-13,0.03,0.54,1.38,1.94,2.58
2015-04-14,0.02,0.53,1.34,1.9,2.54
2015-04-15,0.02,0.51,1.33,1.91,2.55
2015-04-16,0.02,0.5,1.31,1.9,2.56
2015-04-17,0.01,0.51,1.31,1.87,2.51
2015-04-20,0.03,0.55,1.33,1.9,2.56
2015-04-21,0.03,0.55,1.35,1.92,2.58
2015-04-22,0.03,0.57,1.41,1.99,2.66
2015-04-23,0.03,0.55,1.37,1.96,2.63
2015-04-24,0.03,0.54,1.34,1.93,2.62
2015-04-27,0.02,0.54,1.36,1.94,2.61
2015-04-28,0.02,0.56,1.39,2.0,2.68
2015-04-29,0.01,0.56,1.43,2.06,2.76
2015-04-30,0.01,0.58,1.43,2.05,2.75
2015-05-01,0.01,0.6,1.5,2.12,2.82
2015-05-04,0.02,0.6,1.51,2.16,2.88
2015-05-05,0.01,0.62,1.54,2.19,2.9
2015-05-06,0.02,0.65,1.58,2.25,2.98
2015-05-07,0.01,0.63,1.55,2.18,2.9
2015-05-08,0.01,0.59,1.5,2.16,2.9
2015-05-11,0.02,0.62,1.59,2.28,3.03
2015-05-12,0.03,0.61,1.58,2.28,3.02
2015-05-13,0.02,0.59,1.57,2.27,3.07
2015-05-14,0.01,0.56,1.51,2.23,3.03
2015-05-15,0.02,0.55,1.46,2.14,2.93
2015-05-18,0.02,0.58,1.54,2.23,3.02
2015-05-19,0.02,0.63,1.6,2.27,3.05
2015-05-20,0.02,0.6,1.57,2.26,3.06
2015-05-21,0.02,0.6,1.53,2.19,2.98
2015-05-22,0.02,0.64,1.57,2.21,2.99
2015-05-26,0.02,0.64,1.54,2.14,2.89
2015-05-27,0.01,0.64,1.53,2.14,2.88
2015-05-28,0.01,0.62,1.51,2.13,2.89
2015-05-29,0.01,0.61,1.49,2.12,2.88
2015-06-01,0.02,0.64,1.55,2.19,2.94
2015-06-02,0.01,0.64,1.61,2.27,3.02
2015-06-03,0.02,0.69,1.69,2.38,3.11
2015-06-04,0.02,0.66,1.65,2.31,3.03
2015-06-05,0.03,0.73,1.75,2.41,3.11
2015-06-08,0.02,0.7,1.72,2.39,3.11
2015-06-09,0.02,0.72,1.74,2.42,3.15
2015-06-10,0.02,0.75,1.8,2.5,3.22
2015-06-11,0.01,0.73,1.74,2.39,3.11
2015-06-12,0.02,0.74,1.75,2.39,3.1
2015-06-15,0.02,0.72,1.71,2.36,3.09
2015-06-16,0.01,0.71,1.68,2.32,3.06
2015-06-17,0.01,0.67,1.63,2.32,3.09
2015-06-18,0.01,0.66,1.65,2.35,3.14
2015-06-19,0.01,0.65,1.59,2.26,3.05
2015-06-22,0.01,0.68,1.68,2.37,3.16
2015-06-23,0.01,0.7,1.71,2.42,3.2
2015-06-24,0.01,0.68,1.69,2.38,3.16
2015-06-25,0.01,0.68,1.7,2.4,3.16
2015-06-26,0.01,0.72,1.75,2.49,3.25
2015-06-29,0.02,0.64,1.62,2.33,3.09
2015-06-30,0.01,0.64,1.63,2.35,3.11
2015-07-01,0.01,0.69,1.7,2.43,3.2
2015-07-02,0.01,0.64,1.64,2.4,3.19
2015-07-06,0.02,0.6,1.56,2.3,3.08
2015-07-07,0.02,0.58,1.55,2.27,3.04
2015-07-08,0.02,0.55,1.5,2.22,2.99
2015-07-09,0.03,0.6,1.58,2.32,3.11
2015-07-10,0.01,0.65,1.68,2.42,3.2
2015-07-13,0.02,0.69,1.71,2.44,3.21
2015-07-14,0.01,0.66,1.67,2.41,3.2
2015-07-15,0.02,0.64,1.63,2.36,3.13
2015-07-16,0.02,0.67,1.66,2.36,3.11
2015-07-17,0.03,0.68,1.67,2.34,3.08
2015-07-20,0.04,0.71,1.72,2.38,3.1
2015-07-21,0.03,0.71,1.69,2.35,3.08
2015-07-22,0.04,0.75,1.69,2.33,3.04
2015-07-23,0.03,0.71,1.65,2.28,2.98
2015-07-24,0.04,0.7,1.64,2.27,2.96
2015-07-27,0.05,0.68,1.58,2.23,2.93
2015-07-28,0.05,0.69,1.61,2.26,2.96
2015-07-29,0.06,0.7,1.62,2.29,2.99
2015-07-30,0.07,0.72,1.62,2.28,2.96
2015-07-31,0.08,0.67,1.54,2.2,2.92
2015-08-03,0.08,0.68,1.52,2.16,2.86
2015-08-04,0.08,0.74,1.6,2.23,2.9
2015-08-05,0.08,0.73,1.65,2.28,2.94
2015-08-06,0.04,0.71,1.62,2.23,2.9
2015-08-07,0.06,0.73,1.59,2.18,2.83
2015-08-10,0.12,0.73,1.62,2.24,2.89
2015-08-11,0.1,0.68,1.53,2.15,2.81
2015-08-12,0.1,0.67,1.52,2.14,2.84
2015-08-13,0.1,0.72,1.58,2.19,2.86
2015-08-14,0.09,0.73,1.61,2.2,2.84
2015-08-17,0.1,0.72,1.58,2.16,2.81
2015-08-18,0.07,0.74,1.6,2.2,2.87
2015-08-19,0.05,0.67,1.5,2.12,2.81
2015-08-20,0.02,0.69,1.5,2.09,2.76
2015-08-21,0.03,0.64,1.44,2.05,2.74
2015-08-24,0.06,0.59,1.39,2.01,2.73
2015-08-25,0.07,0.67,1.48,2.12,2.84
2015-08-26,0.06,0.67,1.49,2.18,2.94
2015-08-27,0.06,0.68,1.49,2.18,2.93
2015-08-28,0.06,0.72,1.52,2.19,2.92
2015-08-31,0.08,0.74,1.54,2.21,2.95
2015-09-01,0.03,0.7,1.49,2.17,2.93
2015-09-02,0.03,0.72,1.52,2.2,2.97
2015-09-03,0.02,0.71,1.49,2.18,2.95
2015-09-04,0.02,0.71,1.47,2.13,2.89
2015-09-08,0.06,0.74,1.53,2.2,2.97
2015-09-09,0.03,0.75,1.53,2.21,2.96
2015-09-10,0.02,0.75,1.55,2.23,2.98
2015-09-11,0.04,0.71,1.52,2.2,2.95
2015-09-14,0.07,0.73,1.51,2.18,2.95
2015-09-15,0.07,0.82,1.61,2.28,3.06
2015-09-16,0.06,0.82,1.62,2.3,3.08
2015-09-17,0.01,0.7,1.5,2.21,3.02
2015-09-18,-0.01,0.69,1.45,2.13,2.93
2015-09-21,0.01,0.72,1.51,2.2,3.02
2015-09-22,-0.01,0.69,1.44,2.14,2.94
2015-09-23,0.01,0.7,1.47,2.16,2.95
2015-09-24,0.01,0.67,1.44,2.13,2.91
2015-09-25,-0.01,0.7,1.48,2.17,2.96
2015-09-28,0.01,0.67,1.42,2.1,2.87
2015-09-29,0.01,0.64,1.37,2.05,2.85
2015-09-30,-0.01,0.64,1.37,2.06,2.87
2015-10-01,-0.02,0.64,1.37,2.05,2.85
2015-10-02,0.0,0.58,1.29,1.99,2.82
2015-10-05,0.01,0.61,1.35,2.07,2.9
2015-10-06,0.0,0.61,1.34,2.05,2.88
2015-10-07,0.0,0.65,1.37,2.08,2.89
2015-10-08,-0.01,0.65,1.4,2.12,2.96
2015-10-09,0.01,0.65,1.41,2.12,2.94
2015-10-13,0.01,0.64,1.36,2.06,2.89
2015-10-14,0.0,0.57,1.29,1.99,2.84
2015-10-15,0.01,0.61,1.34,2.04,2.87
2015-10-16,0.01,0.61,1.36,2.04,2.87
2015-10-19,0.02,0.61,1.35,2.04,2.89
2015-10-20,0.02,0.66,1.4,2.08,2.92
2015-10-21,0.01,0.64,1.37,2.04,2.87
2015-10-22,0.0,0.61,1.36,2.04,2.87
2015-10-23,0.01,0.66,1.43,2.09,2.9
2015-10-26,0.02,0.66,1.41,2.07,2.87
2015-10-27,0.03,0.65,1.38,2.05,2.86
2015-10-28,0.04,0.73,1.47,2.1,2.87
2015-10-29,0.07,0.75,1.53,2.19,2.96
2015-10-30,0.08,0.75,1.52,2.16,2.93
2015-11-02,0.08,0.77,1.57,2.2,2.95
2015-11-03,0.06,0.8,1.59,2.23,3.0
2015-11-04,0.05,0.84,1.64,2.25,3.0
2015-11-05,0.05,0.85,1.65,2.26,3.01
2015-11-06,0.08,0.9,1.73,2.34,3.09
2015-11-09,0.14,0.89,1.75,2.36,3.12
2015-11-10,0.13,0.87,1.72,2.32,3.1
2015-11-12,0.14,0.89,1.73,2.32,3.09
2015-11-13,0.13,0.86,1.67,2.28,3.06
2015-11-16,0.15,0.88,1.66,2.27,3.07
2015-11-17,0.14,0.86,1.66,2.25,3.04
2015-11-18,0.12,0.9,1.69,2.27,3.04
2015-11-19,0.11,0.91,1.68,2.24,3.0
2015-11-20,0.11,0.93,1.7,2.26,3.02
2015-11-23,0.14,0.94,1.7,2.25,3.0
2015-11-24,0.16,0.93,1.66,2.24,3.0
2015-11-25,0.19,0.93,1.66,2.23,3.0
2015-11-27,0.17,0.92,1.64,2.22,3.0
2015-11-30,0.22,0.94,1.65,2.21,2.98
2015-12-01,0.21,0.91,1.59,2.15,2.91
2015-12-02,0.21,0.94,1.63,2.18,2.91
2015-12-03,0.21,0.96,1.74,2.33,3.07
2015-12-04,0.22,0.96,1.71,2.28,3.01
2015-12-07,0.29,0.94,1.67,2.23,2.95
2015-12-08,0.27,0.94,1.68,2.24,2.97
2015-12-09,0.26,0.93,1.64,2.22,2.97
2015-12-10,0.24,0.95,1.68,2.24,2.98
2015-12-11,0.22,0.88,1.56,2.13,2.87
2015-12-14,0.26,0.97,1.66,2.23,2.96
2015-12-15,0.25,0.98,1.71,2.28,3.0
2015-12-16,0.27,1.02,1.75,2.3,3.02
2015-12-17,0.23,1.0,1.73,2.24,2.94
2015-12-18,0.19,0.97,1.67,2.19,2.9
2015-12-21,0.24,0.96,1.67,2.2,2.92
2015-12-22,0.21,0.99,1.71,2.24,2.96
2015-12-23,0.2,1.01,1.74,2.27,3.0
2015-12-24,0.2,1.03,1.73,2.25,2.96
2015-12-28,0.23,1.05,1.73,2.24,2.95
2015-12-29,0.23,1.09,1.81,2.32,3.04
2015-12-30,0.21,1.08,1.8,2.31,3.04
2015-12-31,0.16,1.06,1.76,2.27,3.01
2016-01-04,0.22,1.02,1.73,2.24,2.98
2016-01-05,0.2,1.04,1.73,2.25,3.01
2016-01-06,0.21,0.99,1.65,2.18,2.94
2016-01-07,0.2,0.96,1.61,2.16,2.92
2016-01-08,0.2,0.94,1.57,2.13,2.91
2016-01-11,0.21,0.94,1.58,2.17,2.96
2016-01-12,0.21,0.93,1.55,2.12,2.89
2016-01-13,0.22,0.91,1.51,2.08,2.85
2016-01-14,0.25,0.9,1.52,2.1,2.9
2016-01-15,0.23,0.85,1.46,2.03,2.81
2016-01-19,0.26,0.88,1.49,2.06,2.82
2016-01-20,0.26,0.85,1.44,2.01,2.77
2016-01-21,0.28,0.84,1.44,2.02,2.79
2016-01-22,0.3,0.88,1.49,2.07,2.83
2016-01-25,0.31,0.88,1.47,2.03,2.8
2016-01-26,0.31,0.85,1.45,2.01,2.79
2016-01-27,0.32,0.84,1.43,2.02,2.8
2016-01-28,0.34,0.83,1.4,2.0,2.79
2016-01-29,0.32,0.76,1.33,1.94,2.75
2016-02-01,0.35,0.81,1.38,1.97,2.77
2016-02-02,0.34,0.75,1.28,1.87,2.67
2016-02-03,0.33,0.72,1.27,1.88,2.7
2016-02-04,0.29,0.7,1.25,1.87,2.7
2016-02-05,0.29,0.74,1.25,1.86,2.68
2016-02-08,0.32,0.66,1.16,1.75,2.56
2016-02-09,0.3,0.69,1.15,1.74,2.55
2016-02-10,0.31,0.71,1.15,1.71,2.53
2016-02-11,0.28,0.64,1.11,1.63,2.5
2016-02-12,0.29,0.71,1.2,1.74,2.6
2016-02-16,0.3,0.74,1.23,1.78,2.64
2016-02-17,0.3,0.74,1.26,1.81,2.68
2016-02-18,0.3,0.71,1.21,1.75,2.62
2016-02-19,0.3,0.76,1.24,1.76,2.61
2016-02-22,0.33,0.78,1.25,1.77,2.62
2016-02-23,0.32,0.76,1.23,1.74,2.6
2016-02-24,0.33,0.75,1.21,1.75,2.61
2016-02-25,0.32,0.72,1.16,1.71,2.58
2016-02-26,0.32,0.8,1.23,1.76,2.63
2016-02-29,0.33,0.78,1.22,1.74,2.61
2016-03-01,0.33,0.85,1.31,1.83,2.7
2016-03-02,0.35,0.85,1.34,1.84,2.69
2016-03-03,0.27,0.85,1.33,1.83,2.65
2016-03-04,0.28,0.88,1.38,1.88,2.7
2016-03-07,0.32,0.91,1.42,1.91,2.71
2016-03-08,0.29,0.88,1.34,1.83,2.63
2016-03-09,0.3,0.9,1.39,1.9,2.68
2016-03-10,0.31,0.93,1.45,1.93,2.7
2016-03-11,0.32,0.97,1.49,1.98,2.75
2016-03-14,0.34,0.97,1.49,1.97,2.74
2016-03-15,0.34,0.98,1.5,1.97,2.73
2016-03-16,0.31,0.87,1.41,1.94,2.73
2016-03-17,0.29,0.87,1.39,1.91,2.69
2016-03-18,0.29,0.84,1.34,1.88,2.68
2016-03-21,0.31,0.87,1.38,1.92,2.72
2016-03-22,0.3,0.91,1.42,1.94,2.72
2016-03-23,0.3,0.87,1.37,1.88,2.65
2016-03-24,0.29,0.89,1.39,1.91,2.67
2016-03-28,0.29,0.89,1.37,1.89,2.66
2016-03-29,0.23,0.78,1.29,1.81,2.6
2016-03-30,0.2,0.76,1.26,1.83,2.65
2016-03-31,0.21,0.73,1.21,1.78,2.61
2016-04-01,0.23,0.76,1.24,1.79,2.62
2016-04-04,0.23,0.75,1.22,1.78,2.6
2016-04-05,0.23,0.72,1.17,1.73,2.54
2016-04-06,0.23,0.73,1.2,1.76,2.58
2016-04-07,0.23,0.7,1.14,1.7,2.52
2016-04-08,0.23,0.7,1.16,1.72,2.55
2016-04-11,0.23,0.7,1.16,1.73,2.56
2016-04-12,0.22,0.74,1.22,1.79,2.61
2016-04-13,0.23,0.75,1.22,1.77,2.58
2016-04-14,0.22,0.77,1.26,1.8,2.61
2016-04-15,0.22,0.74,1.22,1.76,2.56
2016-04-18,0.22,0.75,1.24,1.78,2.58
2016-04-19,0.21,0.77,1.26,1.79,2.6
2016-04-20,0.23,0.8,1.32,1.85,2.66
2016-04-21,0.23,0.82,1.35,1.88,2.69
2016-04-22,0.23,0.84,1.37,1.89,2.7
2016-04-25,0.25,0.85,1.38,1.91,2.72
2016-04-26,0.24,0.86,1.4,1.94,2.76
2016-04-27,0.24,0.83,1.33,1.87,2.71
2016-04-28,0.22,0.78,1.28,1.84,2.68
2016-04-29,0.22,0.77,1.28,1.83,2.66
2016-05-02,0.22,0.8,1.32,1.88,2.71
2016-05-03,0.21,0.75,1.25,1.81,2.66
2016-05-04,0.19,0.75,1.23,1.79,2.64
2016-05-05,0.2,0.72,1.2,1.76,2.6
2016-05-06,0.19,0.74,1.23,1.79,2.62
2016-05-09,0.24,0.72,1.2,1.77,2.61
2016-05-10,0.24,0.72,1.2,1.77,2.61
2016-05-11,0.26,0.74,1.2,1.73,2.58
2016-05-12,0.27,0.76,1.24,1.75,2.6
2016-05-13,0.28,0.76,1.22,1.71,2.55
2016-05-16,0.28,0.79,1.26,1.75,2.59
2016-05-17,0.28,0.82,1.29,1.76,2.59
2016-05-18,0.3,0.9,1.41,1.87,2.67
2016-05-19,0.3,0.89,1.38,1.85,2.64
2016-05-20,0.32,0.89,1.38,1.85,2.63
2016-05-23,0.35,0.91,1.38,1.84,2.63
2016-05-24,0.35,0.92,1.41,1.86,2.65
2016-05-25,0.33,0.92,1.4,1.87,2.67
2016-05-26,0.3,0.87,1.35,1.83,2.64
2016-05-27,0.31,0.9,1.39,1.85,2.65
2016-05-31,0.34,0.87,1.37,1.84,2.64
2016-06-01,0.3,0.91,1.39,1.85,2.63
2016-06-02,0.28,0.89,1.36,1.81,2.58
2016-06-03,0.29,0.78,1.23,1.71,2.52
2016-06-06,0.28,0.8,1.25,1.73,2.55
2016-06-07,0.28,0.78,1.23,1.72,2.54
2016-06-08,0.24,0.78,1.23,1.71,2.51
2016-06-09,0.25,0.77,1.22,1.68,2.48
2016-06-10,0.25,0.73,1.17,1.64,2.44
2016-06-13,0.27,0.73,1.14,1.62,2.43
2016-06-14,0.27,0.74,1.15,1.62,2.43
2016-06-15,0.26,0.69,1.1,1.6,2.43
2016-06-16,0.27,0.7,1.1,1.57,2.39
2016-06-17,0.26,0.7,1.13,1.62,2.43
2016-06-20,0.28,0.74,1.17,1.67,2.47
2016-06-21,0.27,0.76,1.22,1.71,2.5
2016-06-22,0.27,0.75,1.2,1.69,2.5
2016-06-23,0.3,0.78,1.25,1.74,2.55
2016-06-24,0.26,0.64,1.08,1.57,2.42
2016-06-27,0.27,0.61,1.0,1.46,2.28
2016-06-28,0.26,0.61,1.0,1.46,2.27
2016-06-29,0.26,0.62,1.03,1.5,2.3
2016-06-30,0.26,0.58,1.01,1.49,2.3
2016-07-01,0.27,0.59,1.0,1.46,2.24
2016-07-05,0.28,0.56,0.94,1.37,2.14
2016-07-06,0.27,0.58,0.95,1.38,2.14
2016-07-07,0.29,0.58,0.97,1.4,2.14
2016-07-08,0.27,0.61,0.95,1.37,2.11
2016-07-11,0.31,0.66,1.03,1.43,2.14
2016-07-12,0.29,0.69,1.1,1.53,2.24
2016-07-13,0.31,0.68,1.07,1.48,2.18
2016-07-14,0.31,0.68,1.1,1.53,2.25
2016-07-15,0.31,0.71,1.15,1.6,2.3
2016-07-18,0.32,0.68,1.14,1.59,2.3
2016-07-19,0.31,0.7,1.12,1.56,2.27
2016-07-20,0.32,0.73,1.15,1.59,2.3
2016-07-21,0.31,0.7,1.11,1.57,2.29
2016-07-22,0.32,0.71,1.13,1.57,2.29
2016-07-25,0.32,0.72,1.15,1.58,2.29
2016-07-26,0.31,0.75,1.15,1.57,2.28
2016-07-27,0.31,0.73,1.1,1.52,2.23
2016-07-28,0.25,0.72,1.09,1.52,2.23
2016-07-29,0.27,0.67,1.03,1.46,2.18
2016-08-01,0.29,0.67,1.06,1.51,2.24
2016-08-02,0.29,0.67,1.07,1.55,2.29
2016-08-03,0.28,0.67,1.07,1.55,2.29
2016-08-04,0.26,0.64,1.03,1.51,2.25
2016-08-05,0.27,0.72,1.13,1.59,2.32
2016-08-08,0.31,0.74,1.15,1.59,2.3
2016-08-09,0.29,0.71,1.11,1.55,2.25
2016-08-10,0.28,0.69,1.07,1.5,2.23
2016-08-11,0.28,0.76,1.16,1.57,2.28
2016-08-12,0.28,0.71,1.1,1.51,2.23
2016-08-15,0.31,0.72,1.14,1.55,2.27
2016-08-16,0.27,0.76,1.16,1.57,2.29
2016-08-17,0.3,0.74,1.15,1.56,2.27
2016-08-18,0.29,0.71,1.12,1.53,2.26
2016-08-19,0.29,0.76,1.17,1.58,2.29
2016-08-22,0.29,0.76,1.15,1.55,2.24
2016-08-23,0.3,0.74,1.15,1.55,2.24
2016-08-24,0.31,0.76,1.13,1.56,2.24
2016-08-25,0.33,0.78,1.16,1.58,2.27
2016-08-26,0.33,0.84,1.23,1.62,2.29
2016-08-29,0.33,0.81,1.18,1.57,2.22
2016-08-30,0.33,0.8,1.18,1.57,2.23
2016-08-31,0.33,0.8,1.19,1.58,2.23
2016-09-01,0.33,0.78,1.18,1.57,2.23
2016-09-02,0.32,0.8,1.2,1.6,2.28
2016-09-06,0.32,0.74,1.13,1.55,2.24
2016-09-07,0.34,0.74,1.12,1.54,2.23
2016-09-08,0.34,0.78,1.19,1.61,2.32
2016-09-09,0.34,0.79,1.23,1.67,2.39
2016-09-12,0.37,0.79,1.21,1.68,2.4
2016-09-13,0.36,0.8,1.26,1.73,2.47
2016-09-14,0.33,0.77,1.21,1.7,2.44
2016-09-15,0.29,0.74,1.2,1.71,2.48
2016-09-16,0.29,0.77,1.21,1.7,2.44
2016-09-19,0.3,0.79,1.22,1.7,2.45
2016-09-20,0.3,0.79,1.2,1.69,2.43
2016-09-21,0.22,0.79,1.2,1.66,2.39
2016-09-22,0.18,0.79,1.18,1.63,2.34
2016-09-23,0.18,0.77,1.16,1.62,2.34
2016-09-26,0.25,0.76,1.13,1.59,2.32
2016-09-27,0.26,0.75,1.12,1.56,2.28
2016-09-28,0.27,0.75,1.13,1.57,2.29
2016-09-29,0.26,0.73,1.12,1.56,2.28
2016-09-30,0.28,0.77,1.14,1.6,2.32
2016-10-03,0.32,0.8,1.18,1.63,2.34
2016-10-04,0.33,0.82,1.22,1.69,2.4
2016-10-05,0.32,0.85,1.26,1.72,2.44
2016-10-06,0.32,0.86,1.28,1.75,2.46
2016-10-07,0.32,0.83,1.26,1.73,2.46
2016-10-11,0.35,0.87,1.3,1.77,2.5
2016-10-12,0.36,0.87,1.31,1.79,2.51
2016-10-13,0.29,0.85,1.27,1.75,2.48
2016-10-14,0.31,0.84,1.28,1.8,2.55
2016-10-17,0.34,0.81,1.26,1.77,2.52
2016-10-18,0.34,0.82,1.24,1.75,2.51
2016-10-19,0.34,0.81,1.24,1.76,2.51
2016-10-20,0.34,0.84,1.26,1.76,2.5
2016-10-21,0.33,0.84,1.25,1.74,2.48
2016-10-24,0.33,0.84,1.27,1.77,2.52
2016-10-25,0.34,0.86,1.29,1.77,2.5
2016-10-26,0.33,0.86,1.3,1.79,2.53
2016-10-27,0.29,0.87,1.33,1.85,2.6
2016-10-28,0.29,0.86,1.33,1.86,2.62
2016-10-31,0.34,0.86,1.31,1.84,2.58
2016-11-01,0.35,0.83,1.3,1.83,2.58
2016-11-02,0.36,0.81,1.26,1.81,2.56
2016-11-03,0.37,0.81,1.26,1.82,2.6
2016-11-04,0.37,0.8,1.24,1.79,2.56
2016-11-07,0.41,0.82,1.29,1.83,2.6
2016-11-08,0.43,0.87,1.34,1.88,2.63
2016-11-09,0.44,0.9,1.49,2.07,2.88
2016-11-10,0.47,0.92,1.56,2.15,2.94
2016-11-14,0.54,1.0,1.66,2.23,2.99
2016-11-15,0.5,1.02,1.68,2.23,2.97
2016-11-16,0.46,1.0,1.68,2.22,2.92
2016-11-17,0.43,1.04,1.73,2.29,3.01
2016-11-18,0.43,1.07,1.8,2.34,3.01
2016-11-21,0.46,1.08,1.79,2.33,3.0
2016-11-22,0.48,1.07,1.77,2.31,3.0
2016-11-23,0.5,1.12,1.83,2.36,3.02
2016-11-25,0.48,1.12,1.83,2.36,3.01
2016-11-28,0.48,1.11,1.8,2.32,2.99
2016-11-29,0.48,1.09,1.78,2.3,2.95
2016-11-30,0.48,1.11,1.83,2.37,3.02
2016-12-01,0.47,1.14,1.9,2.45,3.1
2016-12-02,0.48,1.11,1.84,2.4,3.08
2016-12-05,0.49,1.13,1.84,2.39,3.05
2016-12-06,0.49,1.12,1.84,2.39,3.08
2016-12-07,0.51,1.1,1.8,2.34,3.02
2016-12-08,0.5,1.12,1.83,2.4,3.1
2016-12-09,0.53,1.15,1.89,2.47,3.16
2016-12-12,0.51,1.15,1.9,2.49,3.16
2016-12-13,0.54,1.17,1.92,2.48,3.14
2016-12-14,0.54,1.27,2.02,2.54,3.14
2016-12-15,0.5,1.29,2.1,2.6,3.16
2016-12-16,0.5,1.28,2.07,2.6,3.19
2016-12-19,0.52,1.24,2.03,2.54,3.12
2016-12-20,0.52,1.25,2.06,2.57,3.15
2016-12-21,0.51,1.21,2.04,2.55,3.12
2016-12-22,0.5,1.22,2.04,2.55,3.12
2016-12-23,0.51,1.22,2.04,2.55,3.12
2016-12-27,0.51,1.28,2.07,2.57,3.14
2016-12-28,0.52,1.26,2.02,2.51,3.09
2016-12-29,0.46,1.22,1.96,2.49,3.08
2016-12-30,0.5,1.2,1.93,2.45,3.06
2017-01-03,0.53,1.22,1.94,2.45,3.04
2017-01-04,0.52,1.24,1.94,2.46,3.05
2017-01-05,0.51,1.17,1.86,2.37,2.96
2017-01-06,0.52,1.22,1.92,2.42,3.0
2017-01-09,0.5,1.21,1.89,2.38,2.97
2017-01-10,0.51,1.19,1.89,2.38,2.97
2017-01-11,0.51,1.2,1.89,2.38,2.96
2017-01-12,0.51,1.18,1.87,2.36,3.01
2017-01-13,0.52,1.21,1.9,2.4,2.99
2017-01-17,0.54,1.17,1.84,2.33,2.93
2017-01-18,0.52,1.23,1.93,2.42,3.0
2017-01-19,0.51,1.25,1.97,2.47,3.04
2017-01-20,0.49,1.2,1.95,2.48,3.05
2017-01-23,0.51,1.16,1.88,2.41,2.99
2017-01-24,0.5,1.21,1.94,2.47,3.05
2017-01-25,0.49,1.23,1.99,2.53,3.1
2017-01-26,0.5,1.21,1.95,2.51,3.08
2017-01-27,0.51,1.22,1.94,2.49,3.06
2017-01-30,0.51,1.22,1.94,2.49,3.08
2017-01-31,0.52,1.19,1.9,2.45,3.05
2017-02-01,0.5,1.22,1.93,2.48,3.08
2017-02-02,0.51,1.21,1.92,2.48,3.09
2017-02-03,0.5,1.21,1.93,2.49,3.11
2017-02-06,0.53,1.16,1.86,2.42,3.05
2017-02-07,0.53,1.16,1.85,2.4,3.02
2017-02-08,0.53,1.15,1.81,2.34,2.96
2017-02-09,0.53,1.2,1.88,2.4,3.02
2017-02-10,0.54,1.2,1.89,2.41,3.01
2017-02-13,0.52,1.2,1.92,2.43,3.03
2017-02-14,0.54,1.25,1.98,2.47,3.07
2017-02-15,0.53,1.27,2.01,2.51,3.09
2017-02-16,0.52,1.22,1.95,2.45,3.05
2017-02-17,0.52,1.21,1.92,2.42,3.03
2017-02-21,0.53,1.22,1.93,2.43,3.04
2017-02-22,0.52,1.22,1.92,2.42,3.04
2017-02-23,0.51,1.18,1.87,2.38,3.02
2017-02-24,0.51,1.12,1.8,2.31,2.95
2017-02-27,0.5,1.2,1.87,2.36,2.98
2017-02-28,0.53,1.22,1.89,2.36,2.97
2017-03-01,0.62,1.29,1.99,2.46,3.06
2017-03-02,0.66,1.32,2.03,2.49,3.09
2017-03-03,0.7,1.32,2.02,2.49,3.08
2017-03-06,0.73,1.31,2.02,2.49,3.1
2017-03-07,0.75,1.32,2.05,2.52,3.11
2017-03-08,0.72,1.36,2.08,2.57,3.15
2017-03-09,0.72,1.37,2.13,2.6,3.19
2017-03-10,0.73,1.36,2.11,2.58,3.16
2017-03-13,0.78,1.4,2.14,2.62,3.2
2017-03-14,0.77,1.4,2.13,2.6,3.17
2017-03-15,0.72,1.33,2.02,2.51,3.11
2017-03-16,0.72,1.35,2.05,2.53,3.14
2017-03-17,0.72,1.33,2.03,2.5,3.11
2017-03-20,0.75,1.3,2.0,2.47,3.08
2017-03-21,0.76,1.27,1.96,2.43,3.04
2017-03-22,0.76,1.27,1.95,2.4,3.02
2017-03-23,0.75,1.26,1.95,2.41,3.02
2017-03-24,0.77,1.26,1.93,2.4,3.0
2017-03-27,0.77,1.27,1.93,2.38,2.98
2017-03-28,0.77,1.3,1.97,2.42,3.02
2017-03-29,0.77,1.26,1.93,2.39,2.99
2017-03-30,0.77,1.28,1.96,2.42,3.03
2017-03-31,0.75,1.27,1.93,2.4,3.02
2017-04-03,0.78,1.24,1.88,2.35,2.98
2017-04-04,0.78,1.25,1.88,2.36,2.99
2017-04-05,0.79,1.24,1.85,2.34,2.98
2017-04-06,0.78,1.24,1.87,2.34,2.99
2017-04-07,0.81,1.29,1.92,2.38,3.0
2017-04-10,0.81,1.29,1.91,2.37,2.99
2017-04-11,0.81,1.24,1.84,2.32,2.93
2017-04-12,0.8,1.24,1.81,2.28,2.92
2017-04-13,0.8,1.21,1.77,2.24,2.89
2017-04-17,0.82,1.21,1.79,2.26,2.92
2017-04-18,0.81,1.18,1.71,2.18,2.84
2017-04-19,0.8,1.19,1.74,2.21,2.87
2017-04-20,0.78,1.21,1.78,2.24,2.89
2017-04-21,0.78,1.2,1.77,2.24,2.89
2017-04-24,0.8,1.25,1.81,2.28,2.93
2017-04-25,0.81,1.29,1.87,2.35,2.99
2017-04-26,0.82,1.28,1.84,2.32,2.97
2017-04-27,0.8,1.25,1.81,2.3,2.96
2017-04-28,0.79,1.28,1.81,2.29,2.96
2017-05-01,0.82,1.28,1.84,2.33,3.0
2017-05-02,0.81,1.27,1.81,2.29,2.97
2017-05-03,0.84,1.3,1.86,2.33,2.97
2017-05-04,0.84,1.32,1.88,2.36,3.0
2017-05-05,0.88,1.32,1.89,2.36,2.99
2017-05-08,0.9,1.33,1.91,2.39,3.02
2017-05-09,0.9,1.37,1.94,2.42,3.04
2017-05-10,0.89,1.35,1.94,2.41,3.03
2017-05-11,0.87,1.35,1.93,2.39,3.03
2017-05-12,0.86,1.29,1.85,2.33,2.98
2017-05-15,0.89,1.31,1.86,2.34,3.0
2017-05-16,0.89,1.29,1.86,2.33,2.99
2017-05-17,0.89,1.26,1.76,2.22,2.91
2017-05-18,0.91,1.27,1.78,2.23,2.9
2017-05-19,0.9,1.28,1.79,2.23,2.9
2017-05-22,0.92,1.29,1.8,2.25,2.91
2017-05-23,0.91,1.31,1.84,2.29,2.95
2017-05-24,0.92,1.29,1.79,2.26,2.92
2017-05-25,0.92,1.3,1.78,2.25,2.92
2017-05-26,0.92,1.3,1.79,2.25,2.92
2017-05-30,0.92,1.28,1.76,2.21,2.88
2017-05-31,0.96,1.28,1.75,2.21,2.87
2017-06-01,0.96,1.28,1.76,2.21,2.87
2017-06-02,0.96,1.28,1.71,2.15,2.8
2017-06-05,0.95,1.32,1.74,2.18,2.84
2017-06-06,0.96,1.3,1.71,2.14,2.81
2017-06-07,0.98,1.32,1.74,2.18,2.84
2017-06-08,0.99,1.33,1.75,2.19,2.85
2017-06-09,0.99,1.35,1.77,2.21,2.86
2017-06-12,0.97,1.35,1.78,2.21,2.86
2017-06-13,0.99,1.38,1.79,2.21,2.87
2017-06-14,0.99,1.35,1.74,2.15,2.79
2017-06-15,1.0,1.35,1.76,2.16,2.78
2017-06-16,1.01,1.32,1.75,2.16,2.78
2017-06-19,1.01,1.36,1.8,2.19,2.79
2017-06-20,1.0,1.36,1.77,2.16,2.74
2017-06-21,0.97,1.36,1.78,2.16,2.73
2017-06-22,0.94,1.34,1.76,2.15,2.72
2017-06-23,0.95,1.34,1.77,2.15,2.71
2017-06-26,0.98,1.36,1.77,2.14,2.7
2017-06-27,0.99,1.38,1.83,2.21,2.75
2017-06-28,1.0,1.34,1.81,2.22,2.77
2017-06-29,1.02,1.38,1.85,2.27,2.82
2017-06-30,1.01,1.38,1.89,2.31,2.84
2017-07-03,1.04,1.41,1.93,2.35,2.86
2017-07-05,1.03,1.41,1.92,2.33,2.85
2017-07-06,1.02,1.4,1.94,2.37,2.9
2017-07-07,1.03,1.4,1.95,2.39,2.93
2017-07-10,1.03,1.4,1.93,2.38,2.93
2017-07-11,1.03,1.37,1.92,2.37,2.92
2017-07-12,1.03,1.35,1.88,2.33,2.89
2017-07-13,1.03,1.37,1.89,2.35,2.92
2017-07-14,1.02,1.35,1.87,2.33,2.91
2017-07-17,1.05,1.36,1.86,2.31,2.89
2017-07-18,1.05,1.36,1.82,2.27,2.85
2017-07-19,1.09,1.37,1.83,2.27,2.85
2017-07-20,1.13,1.37,1.82,2.27,2.83
2017-07-21,1.14,1.36,1.81,2.24,2.81
2017-07-24,1.15,1.37,1.83,2.26,2.83
2017-07-25,1.16,1.4,1.9,2.33,2.91
2017-07-26,1.11,1.36,1.83,2.29,2.89
2017-07-27,1.09,1.36,1.84,2.32,2.93
2017-07-28,1.06,1.34,1.83,2.3,2.89
2017-07-31,1.05,1.34,1.84,2.3,2.89
2017-08-01,1.06,1.34,1.8,2.26,2.86
2017-08-02,1.06,1.36,1.82,2.27,2.85
2017-08-03,1.06,1.34,1.79,2.24,2.81
2017-08-04,1.06,1.36,1.82,2.27,2.84
2017-08-07,1.01,1.36,1.81,2.26,2.84
2017-08-08,1.04,1.36,1.84,2.29,2.86
2017-08-09,1.04,1.33,1.81,2.24,2.82
2017-08-10,1.03,1.33,1.78,2.2,2.79
2017-08-11,1.01,1.3,1.74,2.19,2.79
2017-08-14,1.01,1.33,1.77,2.22,2.81
2017-08-15,1.02,1.35,1.83,2.27,2.84
2017-08-16,1.0,1.33,1.79,2.23,2.81
2017-08-17,0.98,1.32,1.76,2.19,2.78
2017-08-18,1.0,1.33,1.77,2.19,2.78
2017-08-21,0.99,1.32,1.76,2.18,2.77
2017-08-22,0.99,1.33,1.8,2.22,2.79
2017-08-23,0.98,1.32,1.76,2.17,2.75
2017-08-24,1.0,1.33,1.78,2.19,2.77
2017-08-25,1.01,1.35,1.77,2.17,2.75
2017-08-28,0.97,1.33,1.74,2.16,2.76
2017-08-29,1.01,1.33,1.7,2.13,2.74
2017-08-30,1.01,1.33,1.72,2.15,2.75
2017-08-31,0.99,1.33,1.7,2.12,2.73
2017-09-01,1.0,1.35,1.73,2.16,2.77
2017-09-05,1.01,1.3,1.65,2.07,2.69
2017-09-06,1.05,1.3,1.69,2.1,2.72
2017-09-07,1.03,1.27,1.63,2.05,2.66
2017-09-08,1.02,1.27,1.64,2.06,2.67
2017-09-11,1.04,1.32,1.71,2.14,2.75
2017-09-12,1.02,1.33,1.75,2.17,2.78
2017-09-13,1.02,1.35,1.78,2.2,2.79
2017-09-14,1.03,1.37,1.79,2.2,2.77
2017-09-15,1.03,1.39,1.81,2.2,2.77
2017-09-18,1.04,1.4,1.83,2.23,2.8
2017-09-19,1.03,1.4,1.84,2.24,2.81
2017-09-20,1.02,1.45,1.89,2.28,2.82
2017-09-21,1.02,1.45,1.89,2.27,2.8
2017-09-22,1.01,1.46,1.88,2.26,2.8
2017-09-25,1.04,1.44,1.85,2.22,2.76
2017-09-26,1.05,1.45,1.87,2.24,2.78
2017-09-27,1.05,1.47,1.91,2.31,2.86
2017-09-28,1.04,1.45,1.89,2.31,2.87
2017-09-29,1.04,1.47,1.92,2.33,2.86
2017-10-02,1.0,1.49,1.94,2.34,2.87
2017-10-03,1.05,1.47,1.92,2.33,2.87
2017-10-04,1.06,1.47,1.92,2.33,2.87
2017-10-05,1.05,1.49,1.94,2.35,2.89
2017-10-06,1.05,1.54,1.97,2.37,2.91
2017-10-10,1.06,1.51,1.95,2.35,2.88
2017-10-11,1.08,1.51,1.95,2.35,2.88
2017-10-12,1.07,1.51,1.95,2.33,2.86
2017-10-13,1.07,1.51,1.91,2.28,2.81
2017-10-16,1.09,1.54,1.95,2.3,2.82
2017-10-17,1.07,1.54,1.97,2.3,2.8
2017-10-18,1.07,1.59,1.99,2.34,2.85
2017-10-19,1.08,1.58,1.98,2.33,2.83
2017-10-20,1.09,1.6,2.03,2.39,2.89
2017-10-23,1.08,1.58,2.01,2.38,2.89
2017-10-24,1.1,1.6,2.05,2.42,2.92
2017-10-25,1.1,1.61,2.06,2.44,2.95
2017-10-26,1.09,1.63,2.07,2.46,2.96
2017-10-27,1.08,1.59,2.03,2.42,2.93
2017-10-30,1.1,1.58,2.0,2.37,2.88
2017-10-31,1.13,1.6,2.01,2.38,2.88
2017-11-01,1.16,1.61,2.01,2.37,2.85
2017-11-02,1.15,1.61,2.0,2.35,2.83
2017-11-03,1.16,1.63,1.99,2.34,2.82
2017-11-06,1.17,1.61,1.99,2.32,2.8
2017-11-07,1.2,1.63,1.99,2.32,2.77
2017-11-08,1.21,1.65,2.01,2.32,2.79
2017-11-09,1.22,1.63,2.01,2.33,2.81
2017-11-10,1.21,1.67,2.06,2.4,2.88
2017-11-13,1.22,1.7,2.08,2.4,2.87
2017-11-14,1.24,1.68,2.06,2.38,2.84
2017-11-15,1.23,1.68,2.04,2.33,2.77
2017-11-16,1.25,1.72,2.07,2.37,2.81
2017-11-17,1.26,1.73,2.06,2.35,2.78
2017-11-20,1.28,1.77,2.09,2.37,2.78
2017-11-21,1.28,1.77,2.11,2.36,2.76
2017-11-22,1.27,1.74,2.05,2.32,2.75
2017-11-24,1.26,1.75,2.07,2.34,2.76
2017-11-27,1.25,1.74,2.06,2.32,2.76
2017-11-28,1.28,1.75,2.07,2.34,2.77
2017-11-29,1.27,1.78,2.09,2.37,2.81
2017-11-30,1.25,1.78,2.14,2.42,2.83
2017-12-01,1.25,1.78,2.13,2.37,2.76
2017-12-04,1.28,1.8,2.15,2.37,2.77
2017-12-05,1.28,1.83,2.15,2.36,2.73
2017-12-06,1.28,1.78,2.11,2.33,2.71
2017-12-07,1.27,1.8,2.14,2.37,2.76
2017-12-08,1.26,1.8,2.14,2.38,2.77
2017-12-11,1.31,1.82,2.16,2.39,2.77
2017-12-12,1.32,1.83,2.18,2.4,2.79
2017-12-13,1.28,1.79,2.12,2.36,2.74
2017-12-14,1.3,1.82,2.14,2.35,2.71
2017-12-15,1.29,1.84,2.16,2.35,2.68
2017-12-18,1.36,1.84,2.17,2.39,2.74
2017-12-19,1.35,1.87,2.23,2.46,2.82
2017-12-20,1.36,1.87,2.24,2.49,2.88
2017-12-21,1.33,1.89,2.26,2.48,2.84
2017-12-22,1.31,1.91,2.26,2.48,2.83
2017-12-26,1.45,1.92,2.25,2.47,2.82
2017-12-27,1.42,1.89,2.22,2.42,2.75
2017-12-28,1.37,1.91,2.23,2.43,2.75
2017-12-29,1.37,1.89,2.2,2.4,2.74
2018-01-02,1.42,1.92,2.25,2.46,2.81
2018-01-03,1.39,1.94,2.25,2.44,2.78
2018-01-04,1.39,1.96,2.27,2.46,2.79
2018-01-05,1.37,1.96,2.29,2.47,2.81
2018-01-08,1.43,1.96,2.29,2.49,2.81
2018-01-09,1.42,1.98,2.33,2.55,2.88
2018-01-10,1.4,1.98,2.32,2.55,2.88
2018-01-11,1.41,1.98,2.32,2.54,2.91
2018-01-12,1.41,1.99,2.35,2.55,2.85
2018-01-16,1.43,2.03,2.36,2.54,2.83
2018-01-17,1.42,2.05,2.39,2.57,2.84
2018-01-18,1.43,2.05,2.43,2.62,2.9
2018-01-19,1.42,2.06,2.45,2.64,2.91
2018-01-22,1.43,2.08,2.46,2.66,2.93
2018-01-23,1.42,2.06,2.43,2.63,2.9
2018-01-24,1.41,2.08,2.43,2.65,2.93
2018-01-25,1.4,2.08,2.41,2.63,2.89
2018-01-26,1.39,2.13,2.47,2.66,2.91
2018-01-29,1.43,2.11,2.49,2.7,2.94
2018-01-30,1.42,2.13,2.51,2.73,2.98
2018-01-31,1.44,2.14,2.52,2.72,2.95
2018-02-01,1.46,2.16,2.56,2.78,3.01
2018-02-02,1.46,2.15,2.58,2.84,3.08
2018-02-05,1.49,2.08,2.5,2.77,3.04
2018-02-06,1.5,2.1,2.52,2.79,3.06
2018-02-07,1.53,2.15,2.57,2.84,3.12
2018-02-08,1.53,2.13,2.57,2.85,3.14
2018-02-09,1.53,2.05,2.52,2.83,3.14
2018-02-12,1.61,2.09,2.56,2.86,3.14
2018-02-13,1.57,2.1,2.54,2.83,3.11
2018-02-14,1.56,2.17,2.65,2.91,3.18
2018-02-15,1.56,2.19,2.65,2.9,3.15
2018-02-16,1.59,2.21,2.63,2.87,3.13
2018-02-20,1.64,2.25,2.65,2.88,3.15
2018-02-21,1.62,2.26,2.69,2.94,3.22
2018-02-22,1.61,2.25,2.66,2.92,3.21
2018-02-23,1.61,2.25,2.62,2.88,3.16
2018-02-26,1.65,2.22,2.6,2.86,3.15
2018-02-27,1.64,2.27,2.67,2.9,3.17
2018-02-28,1.63,2.25,2.65,2.87,3.13
2018-03-01,1.6,2.22,2.58,2.81,3.09
2018-03-02,1.62,2.25,2.63,2.86,3.14
2018-03-05,1.67,2.24,2.65,2.88,3.16
2018-03-06,1.65,2.25,2.65,2.88,3.14
2018-03-07,1.65,2.25,2.65,2.89,3.15
2018-03-08,1.64,2.25,2.63,2.86,3.13
2018-03-09,1.64,2.27,2.65,2.9,3.16
2018-03-12,1.68,2.27,2.64,2.87,3.13
2018-03-13,1.7,2.26,2.62,2.84,3.1
2018-03-14,1.73,2.26,2.61,2.81,3.05
2018-03-15,1.74,2.29,2.62,2.82,3.05
2018-03-16,1.75,2.31,2.65,2.85,3.08
2018-03-19,1.77,2.31,2.65,2.85,3.09
2018-03-20,1.78,2.34,2.69,2.89,3.12
2018-03-21,1.71,2.31,2.69,2.89,3.12
2018-03-22,1.69,2.29,2.63,2.83,3.06
2018-03-23,1.71,2.28,2.61,2.82,3.06
2018-03-26,1.76,2.33,2.64,2.85,3.08
2018-03-27,1.74,2.26,2.58,2.78,3.03
2018-03-28,1.7,2.28,2.59,2.77,3.01
2018-03-29,1.7,2.27,2.56,2.74,2.97
2018-04-02,1.74,2.25,2.55,2.73,2.97
2018-04-03,1.72,2.28,2.6,2.79,3.02
2018-04-04,1.68,2.28,2.61,2.79,3.03
2018-04-05,1.69,2.3,2.64,2.83,3.07
2018-04-06,1.7,2.27,2.58,2.77,3.01
2018-04-09,1.73,2.29,2.6,2.78,3.02
2018-04-10,1.71,2.32,2.62,2.8,3.02
2018-04-11,1.7,2.32,2.62,2.79,2.99
2018-04-12,1.72,2.34,2.67,2.83,3.05
2018-04-13,1.73,2.37,2.67,2.82,3.03
2018-04-16,1.76,2.39,2.69,2.83,3.03
2018-04-17,1.77,2.41,2.68,2.82,3.0
2018-04-18,1.78,2.42,2.73,2.87,3.06
2018-04-19,1.79,2.44,2.77,2.92,3.11
2018-04-20,1.78,2.46,2.8,2.96,3.14
2018-04-23,1.84,2.49,2.83,2.98,3.15
2018-04-24,1.84,2.48,2.83,3.0,3.18
2018-04-25,1.82,2.49,2.84,3.03,3.21
2018-04-26,1.79,2.49,2.82,3.0,3.18
2018-04-27,1.78,2.49,2.8,2.96,3.13
2018-04-30,1.84,2.49,2.79,2.95,3.11
2018-05-01,1.82,2.5,2.82,2.97,3.13
2018-05-02,1.81,2.49,2.8,2.97,3.14
2018-05-03,1.8,2.49,2.78,2.94,3.12
2018-05-04,1.8,2.51,2.78,2.95,3.12
2018-05-07,1.83,2.49,2.78,2.95,3.12
2018-05-08,1.84,2.51,2.81,2.97,3.13
2018-05-09,1.85,2.54,2.84,3.0,3.16
2018-05-10,1.86,2.54,2.83,2.97,3.12
2018-05-11,1.88,2.54,2.84,2.97,3.1
2018-05-14,1.9,2.55,2.85,3.0,3.13
2018-05-15,1.89,2.58,2.92,3.08,3.2
2018-05-16,1.88,2.58,2.94,3.09,3.21
2018-05-17,1.88,2.57,2.94,3.11,3.25
2018-05-18,1.87,2.55,2.9,3.06,3.2
2018-05-21,1.9,2.58,2.9,3.06,3.2
2018-05-22,1.9,2.59,2.9,3.06,3.21
2018-05-23,1.88,2.53,2.83,3.01,3.17
2018-05-24,1.87,2.5,2.82,2.98,3.13
2018-05-25,1.86,2.48,2.76,2.93,3.09
2018-05-29,1.9,2.32,2.58,2.77,2.96
2018-05-30,1.9,2.42,2.67,2.84,3.01
2018-05-31,1.89,2.4,2.68,2.83,3.0
2018-06-01,1.88,2.47,2.74,2.89,3.04
2018-06-04,1.91,2.52,2.78,2.94,3.08
2018-06-05,1.91,2.49,2.76,2.92,3.07
2018-06-06,1.91,2.52,2.81,2.97,3.13
2018-06-07,1.9,2.5,2.77,2.93,3.08
2018-06-08,1.89,2.5,2.77,2.93,3.08
2018-06-11,1.91,2.52,2.8,2.96,3.1
2018-06-12,1.89,2.54,2.81,2.96,3.09
2018-06-13,1.9,2.59,2.85,2.98,3.1
2018-06-14,1.9,2.59,2.81,2.94,3.05
2018-06-15,1.9,2.55,2.81,2.93,3.05
2018-06-18,1.91,2.56,2.8,2.92,3.05
2018-06-19,1.91,2.54,2.77,2.89,3.02
2018-06-20,1.9,2.56,2.8,2.93,3.06
2018-06-21,1.9,2.56,2.77,2.9,3.04
2018-06-22,1.89,2.56,2.77,2.9,3.04
2018-06-25,1.9,2.54,2.75,2.87,3.02
2018-06-26,1.9,2.53,2.75,2.88,3.03
2018-06-27,1.89,2.52,2.71,2.83,2.97
2018-06-28,1.89,2.52,2.73,2.84,2.97
2018-06-29,1.89,2.52,2.73,2.85,2.98
2018-07-02,1.95,2.57,2.75,2.87,2.99
2018-07-03,1.94,2.53,2.72,2.83,2.96
2018-07-05,1.92,2.55,2.74,2.84,2.95
2018-07-06,1.93,2.53,2.71,2.82,2.94
2018-07-09,1.95,2.57,2.75,2.86,2.96
2018-07-10,1.95,2.59,2.77,2.87,2.97
2018-07-11,1.93,2.58,2.74,2.85,2.95
2018-07-12,1.94,2.6,2.75,2.85,2.95
2018-07-13,1.94,2.59,2.73,2.83,2.94
2018-07-16,1.98,2.59,2.75,2.85,2.96
2018-07-17,1.98,2.62,2.76,2.86,2.97
2018-07-18,1.96,2.6,2.77,2.88,2.99
2018-07-19,1.96,2.6,2.74,2.84,2.96
2018-07-20,1.95,2.6,2.77,2.89,3.03
2018-07-23,1.96,2.64,2.83,2.96,3.1
2018-07-24,1.98,2.63,2.83,2.95,3.08
2018-07-25,1.97,2.66,2.82,2.94,3.06
2018-07-26,1.95,2.69,2.86,2.98,3.1
2018-07-27,1.96,2.67,2.84,2.96,3.09
2018-07-30,2.01,2.66,2.85,2.98,3.11
2018-07-31,1.99,2.67,2.85,2.96,3.08
2018-08-01,1.99,2.67,2.87,3.0,3.13
2018-08-02,1.98,2.66,2.85,2.98,3.12
2018-08-03,1.97,2.63,2.82,2.95,3.09
2018-08-06,2.02,2.64,2.8,2.94,3.08
2018-08-07,2.02,2.68,2.84,2.98,3.12
2018-08-08,2.02,2.68,2.83,2.96,3.12
2018-08-09,2.02,2.64,2.8,2.93,3.08
2018-08-10,2.01,2.61,2.75,2.87,3.03
2018-08-13,2.03,2.61,2.75,2.88,3.05
2018-08-14,2.04,2.63,2.77,2.89,3.06
2018-08-15,2.03,2.61,2.73,2.86,3.03
2018-08-16,2.03,2.63,2.75,2.87,3.03
2018-08-17,2.01,2.61,2.75,2.87,3.03
2018-08-20,2.03,2.6,2.7,2.82,2.99
2018-08-21,2.04,2.61,2.73,2.85,3.0
2018-08-22,2.05,2.6,2.7,2.82,2.99
2018-08-23,2.04,2.61,2.72,2.82,2.97
2018-08-24,2.05,2.63,2.72,2.82,2.97
2018-08-27,2.08,2.67,2.74,2.85,3.0
2018-08-28,2.09,2.67,2.77,2.88,3.03
2018-08-29,2.09,2.67,2.78,2.89,3.02
2018-08-30,2.07,2.64,2.75,2.86,3.0
2018-08-31,2.07,2.62,2.74,2.86,3.02
2018-09-04,2.09,2.66,2.78,2.9,3.07
2018-09-05,2.1,2.66,2.77,2.9,3.08
2018-09-06,2.09,2.64,2.76,2.88,3.06
2018-09-07,2.1,2.71,2.82,2.94,3.11
2018-09-10,2.11,2.73,2.83,2.94,3.09
2018-09-11,2.11,2.76,2.87,2.98,3.13
2018-09-12,2.12,2.74,2.87,2.97,3.11
2018-09-13,2.11,2.76,2.87,2.97,3.11
2018-09-14,2.12,2.78,2.9,2.99,3.13
2018-09-17,2.13,2.78,2.89,2.99,3.13
2018-09-18,2.13,2.81,2.94,3.05,3.2
2018-09-19,2.12,2.81,2.96,3.08,3.23
2018-09-20,2.13,2.81,2.96,3.07,3.21
2018-09-21,2.14,2.81,2.95,3.07,3.2
2018-09-24,2.18,2.83,2.96,3.08,3.21
2018-09-25,2.17,2.83,2.99,3.1,3.23
2018-09-26,2.16,2.83,2.96,3.06,3.19
2018-09-27,2.14,2.83,2.96,3.06,3.19
2018-09-28,2.15,2.81,2.94,3.05,3.19
2018-10-01,2.19,2.82,2.96,3.09,3.24
2018-10-02,2.19,2.82,2.94,3.05,3.2
2018-10-03,2.19,2.85,3.02,3.15,3.3
2018-10-04,2.18,2.87,3.05,3.19,3.35
2018-10-05,2.18,2.88,3.07,3.23,3.4
2018-10-09,2.21,2.88,3.05,3.21,3.37
2018-10-10,2.23,2.88,3.05,3.22,3.39
2018-10-11,2.22,2.85,3.0,3.14,3.32
2018-10-12,2.23,2.85,3.0,3.15,3.32
2018-10-15,2.27,2.85,3.01,3.16,3.34
2018-10-16,2.26,2.87,3.02,3.16,3.32
2018-10-17,2.27,2.89,3.04,3.19,3.35
2018-10-18,2.27,2.87,3.03,3.17,3.36
2018-10-19,2.26,2.92,3.05,3.2,3.38
2018-10-22,2.3,2.92,3.05,3.2,3.38
2018-10-23,2.29,2.89,3.01,3.17,3.37
2018-10-24,2.29,2.84,2.94,3.1,3.33
2018-10-25,2.29,2.86,2.98,3.14,3.35
2018-10-26,2.28,2.81,2.91,3.08,3.32
2018-10-29,2.3,2.81,2.91,3.08,3.33
2018-10-30,2.29,2.84,2.94,3.12,3.36
2018-10-31,2.29,2.87,2.98,3.15,3.39
2018-11-01,2.27,2.84,2.96,3.14,3.38
2018-11-02,2.28,2.91,3.04,3.22,3.46
2018-11-05,2.32,2.91,3.03,3.2,3.43
2018-11-06,2.31,2.93,3.05,3.22,3.43
2018-11-07,2.32,2.96,3.07,3.22,3.43
2018-11-08,2.3,2.98,3.09,3.24,3.43
2018-11-09,2.31,2.94,3.05,3.19,3.4
2018-11-13,2.34,2.89,2.99,3.14,3.36
2018-11-14,2.33,2.86,2.95,3.12,3.35
2018-11-15,2.32,2.86,2.94,3.11,3.36
2018-11-16,2.31,2.81,2.9,3.08,3.33
2018-11-19,2.34,2.79,2.87,3.06,3.32
2018-11-20,2.34,2.79,2.88,3.06,3.31
2018-11-21,2.36,2.81,2.89,3.06,3.31
2018-11-23,2.36,2.81,2.88,3.05,3.31
2018-11-26,2.37,2.84,2.9,3.07,3.32
2018-11-27,2.36,2.83,2.89,3.06,3.32
2018-11-28,2.35,2.81,2.87,3.06,3.34
2018-11-29,2.32,2.81,2.85,3.03,3.33
2018-11-30,2.32,2.8,2.84,3.01,3.3
2018-12-03,2.34,2.83,2.83,2.98,3.27
2018-12-04,2.38,2.8,2.79,2.91,3.16
2018-12-06,2.36,2.75,2.75,2.87,3.14
2018-12-07,2.35,2.72,2.7,2.85,3.14
2018-12-10,2.37,2.72,2.71,2.85,3.13
2018-12-11,2.37,2.78,2.75,2.89,3.13
2018-12-12,2.39,2.77,2.77,2.91,3.15
2018-12-13,2.38,2.75,2.75,2.91,3.16
2018-12-14,2.37,2.73,2.73,2.89,3.14
2018-12-17,2.36,2.7,2.69,2.86,3.11
2018-12-18,2.34,2.65,2.65,2.82,3.07
2018-12-19,2.35,2.63,2.62,2.77,3.0
2018-12-20,2.34,2.67,2.65,2.79,3.02
2018-12-21,2.34,2.63,2.64,2.79,3.03
2018-12-24,2.41,2.55,2.58,2.74,3.0
2018-12-26,2.39,2.61,2.67,2.81,3.06
2018-12-27,2.36,2.56,2.6,2.77,3.05
2018-12-28,2.35,2.52,2.56,2.72,3.04
2018-12-31,2.4,2.48,2.51,2.69,3.02
2019-01-02,2.37,2.5,2.49,2.66,2.97
2019-01-03,2.36,2.39,2.37,2.56,2.92
2019-01-04,2.37,2.5,2.49,2.67,2.98
2019-01-07,2.41,2.53,2.53,2.7,2.99
2019-01-08,2.41,2.58,2.58,2.73,3.0
2019-01-09,2.4,2.56,2.57,2.74,3.03
2019-01-10,2.38,2.56,2.56,2.74,3.06
2019-01-11,2.38,2.55,2.52,2.71,3.04
2019-01-14,2.4,2.53,2.53,2.71,3.06
2019-01-15,2.4,2.53,2.53,2.72,3.08
2019-01-16,2.38,2.55,2.54,2.73,3.07
2019-01-17,2.37,2.56,2.58,2.75,3.07
2019-01-18,2.36,2.62,2.62,2.79,3.09
2019-01-22,2.38,2.58,2.57,2.74,3.06
2019-01-23,2.36,2.58,2.59,2.76,3.07
2019-01-24,2.32,2.56,2.55,2.72,3.04
2019-01-25,2.34,2.6,2.59,2.76,3.06
2019-01-28,2.37,2.6,2.58,2.75,3.06
2019-01-29,2.37,2.56,2.55,2.72,3.04
2019-01-30,2.37,2.52,2.49,2.7,3.06
2019-01-31,2.36,2.45,2.43,2.63,2.99
2019-02-01,2.35,2.52,2.51,2.7,3.03
2019-02-04,2.37,2.53,2.53,2.73,3.06
2019-02-05,2.37,2.53,2.51,2.71,3.03
2019-02-06,2.37,2.52,2.5,2.7,3.03
2019-02-07,2.37,2.48,2.46,2.65,3.0
2019-02-08,2.38,2.45,2.44,2.63,2.97
2019-02-11,2.4,2.48,2.47,2.65,3.0
2019-02-12,2.38,2.5,2.49,2.68,3.02
2019-02-13,2.39,2.53,2.53,2.71,3.04
2019-02-14,2.38,2.5,2.48,2.66,3.01
2019-02-15,2.38,2.52,2.49,2.66,3.0
2019-02-19,2.41,2.5,2.47,2.65,2.99
2019-02-20,2.4,2.5,2.47,2.65,3.0
2019-02-21,2.4,2.53,2.51,2.69,3.05
2019-02-22,2.41,2.48,2.47,2.65,3.02
2019-02-25,2.42,2.51,2.48,2.67,3.03
2019-02-26,2.4,2.48,2.45,2.64,3.01
2019-02-27,2.4,2.5,2.49,2.69,3.07
2019-02-28,2.4,2.52,2.52,2.73,3.09
2019-03-01,2.39,2.55,2.56,2.76,3.13
2019-03-04,2.41,2.55,2.53,2.72,3.09
2019-03-05,2.41,2.55,2.53,2.72,3.08
2019-03-06,2.41,2.52,2.49,2.69,3.06
2019-03-07,2.4,2.47,2.44,2.64,3.03
2019-03-08,2.41,2.45,2.42,2.62,3.0
2019-03-11,2.41,2.47,2.44,2.64,3.03
2019-03-12,2.41,2.45,2.41,2.61,3.0
2019-03-13,2.4,2.45,2.42,2.61,3.02
2019-03-14,2.4,2.46,2.43,2.63,3.04
2019-03-15,2.4,2.43,2.4,2.59,3.02
2019-03-18,2.39,2.45,2.42,2.6,3.01
2019-03-19,2.41,2.46,2.42,2.61,3.02
2019-03-20,2.42,2.4,2.34,2.54,2.98
2019-03-21,2.43,2.41,2.34,2.54,2.96
2019-03-22,2.41,2.31,2.24,2.44,2.88
2019-03-25,2.41,2.26,2.21,2.43,2.87
2019-03-26,2.41,2.24,2.18,2.41,2.86
2019-03-27,2.39,2.22,2.18,2.39,2.83
2019-03-28,2.38,2.23,2.2,2.39,2.81
2019-03-29,2.35,2.27,2.23,2.41,2.81
2019-04-01,2.38,2.33,2.31,2.49,2.89
2019-04-02,2.37,2.3,2.28,2.48,2.88
2019-04-03,2.39,2.33,2.32,2.52,2.93
2019-04-04,2.39,2.33,2.32,2.51,2.92
2019-04-05,2.39,2.35,2.31,2.5,2.91
2019-04-08,2.38,2.36,2.33,2.52,2.93
2019-04-09,2.37,2.35,2.31,2.51,2.92
2019-04-10,2.38,2.31,2.28,2.48,2.9
2019-04-11,2.38,2.35,2.31,2.51,2.94
2019-04-12,2.39,2.4,2.38,2.56,2.97
2019-04-15,2.38,2.4,2.37,2.55,2.96
2019-04-16,2.38,2.41,2.41,2.6,2.99
2019-04-17,2.39,2.4,2.4,2.59,2.99
2019-04-18,2.37,2.38,2.38,2.57,2.96
2019-04-22,2.39,2.38,2.39,2.59,2.99
2019-04-23,2.4,2.36,2.36,2.57,2.98
2019-04-24,2.39,2.32,2.32,2.53,2.94
2019-04-25,2.38,2.33,2.33,2.54,2.94
2019-04-26,2.37,2.28,2.29,2.51,2.92
2019-04-29,2.39,2.3,2.32,2.54,2.96
2019-04-30,2.38,2.27,2.28,2.51,2.93
2019-05-01,2.38,2.31,2.31,2.52,2.92
2019-05-02,2.41,2.35,2.34,2.55,2.94
2019-05-03,2.38,2.33,2.33,2.54,2.93
2019-05-06,2.39,2.31,2.3,2.51,2.91
2019-05-07,2.38,2.28,2.25,2.45,2.86
2019-05-08,2.38,2.3,2.28,2.49,2.89
2019-05-09,2.38,2.26,2.25,2.45,2.87
2019-05-10,2.38,2.26,2.26,2.47,2.89
2019-05-13,2.36,2.18,2.18,2.4,2.83
2019-05-14,2.36,2.2,2.2,2.42,2.86
2019-05-15,2.37,2.16,2.15,2.37,2.82
2019-05-16,2.35,2.2,2.18,2.4,2.84
2019-05-17,2.34,2.2,2.17,2.39,2.82
2019-05-20,2.34,2.21,2.21,2.41,2.83
2019-05-21,2.34,2.26,2.23,2.43,2.84
2019-05-22,2.33,2.23,2.19,2.39,2.82
2019-05-23,2.32,2.12,2.11,2.31,2.75
2019-05-24,2.3,2.16,2.12,2.32,2.75
2019-05-28,2.32,2.12,2.06,2.26,2.7
2019-05-29,2.32,2.09,2.05,2.25,2.69
2019-05-30,2.33,2.06,2.03,2.22,2.65
2019-05-31,2.3,1.95,1.93,2.14,2.58
2019-06-03,2.3,1.82,1.83,2.07,2.53
2019-06-04,2.3,1.88,1.89,2.12,2.6
2019-06-05,2.3,1.83,1.86,2.12,2.63
2019-06-06,2.28,1.88,1.88,2.12,2.62
2019-06-07,2.23,1.85,1.85,2.09,2.57
2019-06-10,2.24,1.9,1.91,2.15,2.62
2019-06-11,2.22,1.93,1.92,2.15,2.62
2019-06-12,2.19,1.88,1.88,2.13,2.62
2019-06-13,2.14,1.83,1.84,2.1,2.61
2019-06-14,2.15,1.84,1.85,2.09,2.59
2019-06-17,2.18,1.86,1.85,2.09,2.58
2019-06-18,2.17,1.86,1.83,2.06,2.55
2019-06-19,2.13,1.74,1.77,2.03,2.54
2019-06-20,2.09,1.72,1.74,2.01,2.53
2019-06-21,2.07,1.77,1.8,2.07,2.59
2019-06-24,2.08,1.72,1.75,2.02,2.55
2019-06-25,2.07,1.71,1.73,2.0,2.53
2019-06-26,2.1,1.77,1.8,2.05,2.57
2019-06-27,2.09,1.74,1.76,2.01,2.52
2019-06-28,2.08,1.75,1.76,2.0,2.52
2019-07-01,2.16,1.78,1.79,2.03,2.55
2019-07-02,2.15,1.77,1.75,1.98,2.51
2019-07-03,2.16,1.77,1.74,1.96,2.47
2019-07-05,2.18,1.87,1.84,2.04,2.54
2019-07-08,2.21,1.88,1.86,2.05,2.53
2019-07-09,2.21,1.92,1.88,2.07,2.54
2019-07-10,2.15,1.82,1.82,2.07,2.57
2019-07-11,2.12,1.85,1.88,2.13,2.65
2019-07-12,2.1,1.84,1.86,2.12,2.64
2019-07-15,2.11,1.83,1.84,2.09,2.61
2019-07-16,2.1,1.87,1.88,2.13,2.63
2019-07-17,2.09,1.83,1.83,2.06,2.57
2019-07-18,2.01,1.77,1.78,2.04,2.56
2019-07-19,2.02,1.8,1.8,2.05,2.57
2019-07-22,2.04,1.8,1.8,2.05,2.58
2019-07-23,2.02,1.83,1.83,2.08,2.61
2019-07-24,2.05,1.83,1.82,2.05,2.58
2019-07-25,2.06,1.86,1.85,2.08,2.6
2019-07-26,2.08,1.86,1.85,2.08,2.59
2019-07-29,2.07,1.85,1.84,2.06,2.59
2019-07-30,2.04,1.85,1.84,2.06,2.58
2019-07-31,2.04,1.89,1.84,2.02,2.53
2019-08-01,2.03,1.73,1.68,1.9,2.44
2019-08-02,2.02,1.72,1.66,1.86,2.39
2019-08-05,2.0,1.59,1.55,1.75,2.3
2019-08-06,2.01,1.6,1.53,1.73,2.25
2019-08-07,1.98,1.59,1.52,1.71,2.22
2019-08-08,1.98,1.62,1.54,1.72,2.25
2019-08-09,1.96,1.63,1.57,1.74,2.26
2019-08-12,1.96,1.58,1.49,1.65,2.14
2019-08-13,1.96,1.66,1.57,1.68,2.15
2019-08-14,1.92,1.58,1.51,1.59,2.03
2019-08-15,1.87,1.48,1.42,1.52,1.98
2019-08-16,1.83,1.48,1.42,1.55,2.01
2019-08-19,1.9,1.53,1.47,1.6,2.08
2019-08-20,1.9,1.5,1.42,1.55,2.04
2019-08-21,1.93,1.56,1.47,1.59,2.07
2019-08-22,1.96,1.61,1.5,1.62,2.11
2019-08-23,1.93,1.51,1.4,1.52,2.02
2019-08-26,1.96,1.54,1.43,1.54,2.04
2019-08-27,1.94,1.53,1.4,1.49,1.97
2019-08-28,1.95,1.5,1.37,1.47,1.94
2019-08-29,1.95,1.53,1.4,1.5,1.97
2019-08-30,1.95,1.5,1.39,1.5,1.96
2019-09-03,1.94,1.47,1.35,1.47,1.95
2019-09-04,1.93,1.43,1.32,1.47,1.97
2019-09-05,1.93,1.55,1.43,1.57,2.06
2019-09-06,1.92,1.53,1.42,1.55,2.02
2019-09-09,1.92,1.58,1.49,1.63,2.11
2019-09-10,1.91,1.67,1.58,1.72,2.19
2019-09-11,1.92,1.68,1.6,1.75,2.22
2019-09-12,1.91,1.72,1.65,1.79,2.22
2019-09-13,1.92,1.79,1.75,1.9,2.37
2019-09-16,1.95,1.74,1.69,1.84,2.31
2019-09-17,1.95,1.72,1.66,1.81,2.27
2019-09-18,1.91,1.77,1.68,1.8,2.25
2019-09-19,1.89,1.74,1.66,1.79,2.22
2019-09-20,1.87,1.69,1.61,1.74,2.17
2019-09-23,1.9,1.68,1.59,1.72,2.16
2019-09-24,1.88,1.6,1.52,1.64,2.09
2019-09-25,1.85,1.68,1.6,1.73,2.18
2019-09-26,1.79,1.66,1.59,1.7,2.15
2019-09-27,1.76,1.63,1.56,1.69,2.13
2019-09-30,1.84,1.63,1.55,1.68,2.12
2019-10-01,1.78,1.56,1.51,1.65,2.11
2019-10-02,1.75,1.48,1.43,1.6,2.09
2019-10-03,1.67,1.39,1.34,1.54,2.04
2019-10-04,1.68,1.4,1.34,1.52,2.01
2019-10-07,1.71,1.46,1.38,1.56,2.05
2019-10-08,1.68,1.42,1.36,1.54,2.04
2019-10-09,1.66,1.47,1.4,1.59,2.08
2019-10-10,1.65,1.53,1.48,1.67,2.16
2019-10-11,1.65,1.63,1.59,1.76,2.22
2019-10-15,1.64,1.61,1.59,1.77,2.23
2019-10-16,1.63,1.58,1.57,1.75,2.23
2019-10-17,1.63,1.6,1.57,1.76,2.24
2019-10-18,1.63,1.58,1.56,1.76,2.25
2019-10-21,1.64,1.62,1.61,1.8,2.28
2019-10-22,1.62,1.6,1.6,1.78,2.26
2019-10-23,1.62,1.58,1.58,1.77,2.25
2019-10-24,1.64,1.58,1.58,1.77,2.26
2019-10-25,1.63,1.63,1.62,1.8,2.29
2019-10-28,1.62,1.64,1.66,1.85,2.34
2019-10-29,1.6,1.64,1.66,1.84,2.33
2019-10-30,1.59,1.61,1.61,1.78,2.26
2019-10-31,1.51,1.52,1.51,1.69,2.17
2019-11-01,1.49,1.56,1.55,1.73,2.21
2019-11-04,1.5,1.6,1.6,1.79,2.27
2019-11-05,1.53,1.63,1.66,1.86,2.34
2019-11-06,1.53,1.61,1.63,1.81,2.3
2019-11-07,1.53,1.68,1.74,1.92,2.4
2019-11-08,1.52,1.68,1.74,1.94,2.43
2019-11-12,1.56,1.66,1.73,1.92,2.39
2019-11-13,1.54,1.63,1.69,1.88,2.36
2019-11-14,1.54,1.58,1.63,1.82,2.31
2019-11-15,1.54,1.61,1.65,1.84,2.31
2019-11-18,1.54,1.6,1.63,1.81,2.3
2019-11-19,1.54,1.6,1.63,1.79,2.26
2019-11-20,1.54,1.56,1.58,1.73,2.2
2019-11-21,1.55,1.6,1.62,1.77,2.24
2019-11-22,1.55,1.61,1.62,1.77,2.22
2019-11-25,1.58,1.61,1.62,1.76,2.21
2019-11-26,1.57,1.58,1.58,1.74,2.18
2019-11-27,1.59,1.63,1.63,1.77,2.19
2019-11-29,1.56,1.61,1.62,1.78,2.21
2019-12-02,1.57,1.61,1.65,1.83,2.28
2019-12-03,1.54,1.53,1.54,1.72,2.17
2019-12-04,1.52,1.58,1.6,1.77,2.22
2019-12-05,1.51,1.58,1.62,1.8,2.24
2019-12-06,1.5,1.61,1.67,1.84,2.29
2019-12-09,1.51,1.63,1.67,1.83,2.27
2019-12-10,1.53,1.65,1.68,1.85,2.26
2019-12-11,1.54,1.61,1.64,1.79,2.23
2019-12-12,1.53,1.66,1.73,1.9,2.32
2019-12-13,1.54,1.61,1.66,1.82,2.26
2019-12-16,1.54,1.65,1.72,1.89,2.3
2019-12-17,1.53,1.63,1.71,1.89,2.31
2019-12-18,1.53,1.63,1.74,1.92,2.35
2019-12-19,1.54,1.62,1.73,1.92,2.35
2019-12-20,1.55,1.63,1.73,1.92,2.34
2019-12-23,1.56,1.64,1.75,1.93,2.35
2019-12-24,1.55,1.62,1.72,1.9,2.33
2019-12-26,1.55,1.64,1.72,1.9,2.33
2019-12-27,1.54,1.59,1.68,1.88,2.32
2019-12-30,1.54,1.58,1.68,1.9,2.34
2019-12-31,1.52,1.58,1.69,1.92,2.39
2020-01-02,1.51,1.58,1.67,1.88,2.33
2020-01-03,1.49,1.53,1.59,1.8,2.26
2020-01-06,1.53,1.54,1.61,1.81,2.28
2020-01-07,1.51,1.54,1.62,1.83,2.31
2020-01-08,1.51,1.58,1.67,1.87,2.35
2020-01-09,1.51,1.58,1.65,1.85,2.38
2020-01-10,1.51,1.56,1.63,1.83,2.28
2020-01-13,1.54,1.58,1.65,1.85,2.3
2020-01-14,1.54,1.58,1.63,1.82,2.27
2020-01-15,1.54,1.56,1.6,1.79,2.23
2020-01-16,1.52,1.58,1.63,1.81,2.26
2020-01-17,1.53,1.58,1.63,1.84,2.29
2020-01-21,1.53,1.53,1.57,1.78,2.23
2020-01-22,1.52,1.53,1.57,1.77,2.22
2020-01-23,1.52,1.51,1.55,1.74,2.18
2020-01-24,1.51,1.49,1.51,1.7,2.14
2020-01-27,1.52,1.44,1.44,1.61,2.05
2020-01-28,1.54,1.45,1.47,1.65,2.1
2020-01-29,1.53,1.42,1.41,1.6,2.05
2020-01-30,1.54,1.41,1.39,1.57,2.04
2020-01-31,1.52,1.33,1.32,1.51,1.99
2020-02-03,1.54,1.36,1.35,1.54,2.01
2020-02-04,1.54,1.41,1.42,1.61,2.08
2020-02-05,1.54,1.44,1.46,1.66,2.14
2020-02-06,1.54,1.44,1.45,1.65,2.11
2020-02-07,1.53,1.41,1.41,1.59,2.05
2020-02-10,1.55,1.37,1.38,1.56,2.03
2020-02-11,1.54,1.41,1.4,1.59,2.05
2020-02-12,1.55,1.44,1.45,1.62,2.09
2020-02-13,1.56,1.44,1.43,1.61,2.07
2020-02-14,1.55,1.42,1.42,1.59,2.04
2020-02-18,1.55,1.41,1.39,1.55,2.0
2020-02-19,1.55,1.42,1.41,1.56,2.01
2020-02-20,1.55,1.39,1.37,1.52,1.97
2020-02-21,1.53,1.34,1.3,1.46,1.9
2020-02-24,1.5,1.26,1.21,1.38,1.84
2020-02-25,1.5,1.2,1.16,1.33,1.8
2020-02-26,1.5,1.16,1.14,1.33,1.81
2020-02-27,1.42,1.11,1.11,1.3,1.79
2020-02-28,1.25,0.86,0.89,1.13,1.65
2020-03-02,1.1,0.84,0.88,1.1,1.66
2020-03-03,0.93,0.71,0.77,1.02,1.64
2020-03-04,0.71,0.67,0.75,1.02,1.67
2020-03-05,0.61,0.59,0.67,0.92,1.56
2020-03-06,0.45,0.49,0.58,0.74,1.25
2020-03-09,0.32,0.38,0.46,0.54,0.99
2020-03-10,0.43,0.5,0.63,0.76,1.28
2020-03-11,0.41,0.5,0.66,0.82,1.3
2020-03-12,0.33,0.5,0.66,0.88,1.49
2020-03-13,0.27,0.49,0.7,0.94,1.56
2020-03-16,0.24,0.36,0.49,0.73,1.34
2020-03-17,0.19,0.47,0.66,1.02,1.63
2020-03-18,0.02,0.54,0.79,1.18,1.77
2020-03-19,0.04,0.44,0.66,1.12,1.78
2020-03-20,0.05,0.37,0.52,0.92,1.55
2020-03-23,0.02,0.28,0.38,0.76,1.33
2020-03-24,0.01,0.38,0.52,0.84,1.39
2020-03-25,-0.04,0.34,0.56,0.88,1.45
2020-03-26,-0.05,0.3,0.51,0.83,1.42
2020-03-27,0.03,0.25,0.41,0.72,1.29
2020-03-30,0.12,0.23,0.39,0.7,1.31
2020-03-31,0.11,0.23,0.37,0.7,1.35
2020-04-01,0.09,0.23,0.37,0.62,1.27
2020-04-02,0.09,0.23,0.39,0.63,1.26
2020-04-03,0.1,0.23,0.39,0.62,1.24
2020-04-06,0.15,0.27,0.44,0.67,1.27
2020-04-07,0.14,0.28,0.48,0.75,1.32
2020-04-08,0.22,0.27,0.47,0.77,1.37
2020-04-09,0.25,0.23,0.41,0.73,1.35
2020-04-13,0.26,0.25,0.44,0.76,1.39
2020-04-14,0.2,0.23,0.42,0.76,1.41
2020-04-15,0.14,0.2,0.34,0.63,1.27
2020-04-16,0.14,0.2,0.35,0.61,1.21
2020-04-17,0.12,0.2,0.36,0.65,1.27
2020-04-20,0.12,0.2,0.35,0.63,1.23
2020-04-21,0.11,0.2,0.34,0.58,1.17
2020-04-22,0.12,0.22,0.37,0.63,1.22
2020-04-23,0.11,0.22,0.37,0.61,1.18
2020-04-24,0.12,0.22,0.36,0.6,1.17
2020-04-27,0.12,0.24,0.41,0.67,1.25
2020-04-28,0.11,0.2,0.37,0.62,1.2
2020-04-29,0.1,0.2,0.36,0.63,1.24
2020-04-30,0.09,0.2,0.36,0.64,1.28
2020-05-01,0.12,0.2,0.36,0.64,1.27
2020-05-04,0.13,0.19,0.36,0.64,1.29
2020-05-05,0.13,0.19,0.36,0.66,1.32
2020-05-06,0.12,0.17,0.37,0.72,1.41
2020-05-07,0.11,0.13,0.29,0.63,1.31
2020-05-08,0.12,0.16,0.33,0.69,1.39
2020-05-11,0.12,0.17,0.36,0.73,1.43
2020-05-12,0.13,0.17,0.34,0.69,1.38
2020-05-13,0.13,0.16,0.31,0.64,1.35
2020-05-14,0.12,0.16,0.31,0.63,1.3
2020-05-15,0.12,0.16,0.31,0.64,1.32
2020-05-18,0.13,0.18,0.38,0.73,1.44
2020-05-19,0.13,0.17,0.35,0.7,1.43
2020-05-20,0.12,0.16,0.34,0.68,1.4
2020-05-21,0.12,0.17,0.35,0.68,1.4
2020-05-22,0.12,0.17,0.34,0.66,1.37
2020-05-26,0.14,0.18,0.35,0.69,1.43
2020-05-27,0.15,0.19,0.34,0.68,1.44
2020-05-28,0.15,0.17,0.34,0.7,1.47
2020-05-29,0.14,0.16,0.3,0.65,1.41
2020-06-01,0.14,0.14,0.31,0.66,1.46
2020-06-02,0.15,0.17,0.32,0.68,1.48
2020-06-03,0.16,0.19,0.38,0.77,1.56
2020-06-04,0.15,0.19,0.4,0.82,1.61
2020-06-05,0.15,0.22,0.47,0.91,1.68
2020-06-08,0.17,0.22,0.45,0.88,1.65
2020-06-09,0.19,0.2,0.4,0.84,1.59
2020-06-10,0.17,0.17,0.33,0.75,1.53
2020-06-11,0.17,0.19,0.32,0.66,1.41
2020-06-12,0.16,0.19,0.33,0.71,1.45
2020-06-15,0.18,0.19,0.33,0.71,1.45
2020-06-16,0.17,0.21,0.34,0.75,1.54
2020-06-17,0.17,0.19,0.34,0.74,1.52
2020-06-18,0.16,0.19,0.34,0.71,1.47
2020-06-19,0.15,0.19,0.33,0.7,1.47
2020-06-22,0.16,0.19,0.34,0.71,1.46
2020-06-23,0.16,0.18,0.33,0.72,1.49
2020-06-24,0.15,0.19,0.33,0.69,1.44
2020-06-25,0.16,0.17,0.32,0.68,1.43
2020-06-26,0.14,0.17,0.3,0.64,1.37
2020-06-29,0.14,0.16,0.28,0.64,1.39
2020-06-30,0.16,0.16,0.29,0.66,1.41
2020-07-01,0.14,0.17,0.31,0.69,1.43
2020-07-02,0.14,0.16,0.29,0.68,1.43
2020-07-06,0.15,0.16,0.31,0.69,1.45
2020-07-07,0.15,0.16,0.29,0.65,1.38
2020-07-08,0.15,0.16,0.3,0.67,1.39
2020-07-09,0.13,0.16,0.28,0.62,1.32
2020-07-10,0.13,0.16,0.3,0.65,1.33
2020-07-13,0.14,0.16,0.3,0.64,1.33
2020-07-14,0.15,0.14,0.28,0.63,1.3
2020-07-15,0.16,0.16,0.28,0.64,1.33
2020-07-16,0.11,0.16,0.28,0.62,1.31
2020-07-17,0.11,0.14,0.29,0.64,1.33
2020-07-20,0.13,0.16,0.29,0.62,1.32
2020-07-21,0.13,0.14,0.27,0.61,1.31
2020-07-22,0.13,0.14,0.27,0.6,1.29
2020-07-23,0.12,0.16,0.27,0.59,1.24
2020-07-24,0.11,0.14,0.27,0.59,1.23
2020-07-27,0.11,0.15,0.3,0.62,1.25
2020-07-28,0.11,0.14,0.26,0.59,1.22
2020-07-29,0.11,0.12,0.25,0.58,1.24
2020-07-30,0.09,0.11,0.23,0.55,1.2
2020-07-31,0.09,0.11,0.21,0.55,1.2
2020-08-03,0.1,0.11,0.22,0.56,1.23
2020-08-04,0.09,0.11,0.19,0.52,1.19
2020-08-05,0.1,0.11,0.22,0.55,1.22
2020-08-06,0.1,0.11,0.21,0.55,1.2
2020-08-07,0.1,0.13,0.23,0.57,1.23
2020-08-10,0.11,0.14,0.24,0.59,1.25
2020-08-11,0.11,0.16,0.27,0.64,1.32
2020-08-12,0.11,0.16,0.3,0.69,1.37
2020-08-13,0.1,0.16,0.32,0.71,1.42
2020-08-14,0.1,0.14,0.29,0.71,1.45
2020-08-17,0.1,0.14,0.29,0.69,1.43
2020-08-18,0.09,0.14,0.27,0.67,1.4
2020-08-19,0.11,0.14,0.29,0.68,1.42
2020-08-20,0.11,0.13,0.26,0.65,1.38
2020-08-21,0.1,0.16,0.27,0.64,1.35
2020-08-24,0.12,0.14,0.28,0.65,1.35
2020-08-25,0.11,0.15,0.3,0.69,1.39
2020-08-26,0.11,0.16,0.28,0.69,1.41
2020-08-27,0.11,0.16,0.31,0.74,1.5
2020-08-28,0.1,0.14,0.28,0.74,1.52
2020-08-31,0.11,0.14,0.28,0.72,1.49
2020-09-01,0.12,0.13,0.26,0.68,1.43
2020-09-02,0.12,0.14,0.26,0.66,1.38
2020-09-03,0.11,0.13,0.24,0.63,1.34
2020-09-04,0.11,0.14,0.3,0.72,1.46
2020-09-08,0.13,0.14,0.28,0.69,1.43
2020-09-09,0.12,0.14,0.28,0.71,1.45
2020-09-10,0.12,0.14,0.26,0.68,1.43
2020-09-11,0.11,0.13,0.26,0.67,1.42
2020-09-14,0.11,0.14,0.27,0.68,1.42
2020-09-15,0.11,0.14,0.27,0.68,1.43
2020-09-16,0.12,0.14,0.28,0.69,1.45
2020-09-17,0.09,0.13,0.28,0.69,1.43
2020-09-18,0.1,0.14,0.29,0.7,1.45
2020-09-21,0.1,0.14,0.27,0.68,1.43
2020-09-22,0.1,0.13,0.27,0.68,1.42
2020-09-23,0.11,0.14,0.28,0.68,1.42
2020-09-24,0.1,0.14,0.27,0.67,1.4
2020-09-25,0.1,0.12,0.26,0.66,1.4
2020-09-28,0.11,0.14,0.26,0.67,1.42
2020-09-29,0.09,0.11,0.24,0.66,1.41
2020-09-30,0.1,0.13,0.28,0.69,1.46
2020-10-01,0.09,0.14,0.27,0.68,1.45
2020-10-02,0.09,0.13,0.28,0.7,1.48
2020-10-05,0.1,0.14,0.33,0.78,1.57
2020-10-06,0.1,0.14,0.32,0.76,1.56
2020-10-07,0.1,0.16,0.35,0.81,1.6
2020-10-08,0.09,0.13,0.33,0.78,1.57
2020-10-09,0.1,0.16,0.34,0.79,1.58
2020-10-13,0.11,0.16,0.31,0.74,1.52
2020-10-14,0.12,0.14,0.3,0.73,1.5
2020-10-15,0.11,0.14,0.32,0.74,1.52
2020-10-16,0.11,0.14,0.32,0.76,1.52
2020-10-19,0.11,0.16,0.34,0.78,1.55
2020-10-20,0.1,0.14,0.34,0.81,1.6
2020-10-21,0.1,0.14,0.36,0.83,1.62
2020-10-22,0.09,0.16,0.38,0.87,1.67
2020-10-23,0.1,0.18,0.37,0.85,1.64
2020-10-26,0.11,0.16,0.35,0.81,1.59
2020-10-27,0.1,0.16,0.34,0.79,1.57
2020-10-28,0.1,0.16,0.34,0.79,1.56
2020-10-29,0.09,0.16,0.38,0.85,1.62
2020-10-30,0.09,0.14,0.38,0.88,1.65
2020-11-02,0.09,0.16,0.38,0.87,1.63
2020-11-03,0.1,0.17,0.39,0.9,1.66
2020-11-04,0.1,0.14,0.33,0.78,1.55
2020-11-05,0.1,0.14,0.33,0.79,1.54
2020-11-06,0.1,0.16,0.36,0.83,1.6
2020-11-09,0.11,0.17,0.44,0.96,1.73
2020-11-10,0.1,0.19,0.46,0.98,1.75
2020-11-12,0.1,0.17,0.4,0.88,1.64
2020-11-13,0.09,0.17,0.41,0.89,1.65
2020-11-16,0.09,0.19,0.41,0.91,1.66
2020-11-17,0.09,0.18,0.39,0.87,1.62
2020-11-18,0.09,0.16,0.4,0.88,1.62
2020-11-19,0.07,0.18,0.39,0.86,1.58
2020-11-20,0.07,0.16,0.38,0.83,1.53
2020-11-23,0.08,0.16,0.39,0.86,1.56
2020-11-24,0.09,0.16,0.39,0.88,1.6
2020-11-25,0.09,0.17,0.39,0.88,1.62
2020-11-27,0.09,0.16,0.37,0.84,1.57
2020-11-30,0.08,0.16,0.36,0.84,1.58
2020-12-01,0.09,0.17,0.42,0.92,1.66
2020-12-02,0.09,0.16,0.42,0.95,1.7
2020-12-03,0.08,0.16,0.4,0.92,1.67
2020-12-04,0.09,0.16,0.42,0.97,1.73
2020-12-07,0.08,0.14,0.4,0.94,1.69
2020-12-08,0.09,0.14,0.39,0.92,1.67
2020-12-09,0.08,0.16,0.41,0.95,1.69
2020-12-10,0.08,0.14,0.39,0.92,1.65
2020-12-11,0.08,0.11,0.37,0.9,1.63
2020-12-14,0.09,0.13,0.37,0.9,1.63
2020-12-15,0.08,0.11,0.37,0.92,1.65
2020-12-16,0.09,0.13,0.37,0.92,1.66
2020-12-17,0.08,0.13,0.38,0.94,1.68
2020-12-18,0.08,0.13,0.39,0.95,1.7
2020-12-21,0.09,0.13,0.39,0.95,1.68
2020-12-22,0.09,0.13,0.37,0.93,1.65
2020-12-23,0.09,0.13,0.38,0.96,1.7
2020-12-24,0.09,0.13,0.37,0.94,1.66
2020-12-28,0.11,0.13,0.38,0.94,1.67
2020-12-29,0.1,0.12,0.37,0.94,1.67
2020-12-30,0.08,0.12,0.37,0.93,1.66
2020-12-31,0.09,0.13,0.36,0.93,1.65
2021-01-04,0.09,0.11,0.36,0.93,1.66
2021-01-05,0.09,0.13,0.38,0.96,1.7
2021-01-06,0.09,0.14,0.43,1.04,1.81
2021-01-07,0.09,0.14,0.46,1.08,1.85
2021-01-08,0.08,0.14,0.49,1.13,1.87
2021-01-11,0.08,0.14,0.5,1.15,1.88
2021-01-12,0.09,0.14,0.5,1.15,1.88
2021-01-13,0.09,0.14,0.48,1.1,1.82
2021-01-14,0.09,0.16,0.49,1.15,1.88
2021-01-15,0.09,0.13,0.46,1.11,1.85
2021-01-19,0.09,0.14,0.45,1.1,1.84
2021-01-20,0.08,0.13,0.45,1.1,1.84
2021-01-21,0.09,0.13,0.45,1.12,1.87
2021-01-22,0.08,0.13,0.44,1.1,1.85
2021-01-25,0.09,0.13,0.42,1.05,1.8
2021-01-26,0.07,0.11,0.42,1.05,1.8
2021-01-27,0.08,0.12,0.41,1.04,1.79
2021-01-28,0.07,0.12,0.42,1.07,1.81
2021-01-29,0.06,0.11,0.45,1.11,1.87
2021-02-01,0.07,0.11,0.42,1.09,1.84
2021-02-02,0.07,0.11,0.45,1.12,1.87
2021-02-03,0.04,0.11,0.46,1.15,1.92
2021-02-04,0.04,0.11,0.46,1.15,1.93
2021-02-05,0.03,0.09,0.47,1.19,1.97
2021-02-08,0.05,0.11,0.48,1.19,1.96
2021-02-09,0.04,0.11,0.48,1.18,1.95
2021-02-10,0.05,0.11,0.46,1.15,1.92
2021-02-11,0.05,0.11,0.46,1.16,1.94
2021-02-12,0.04,0.11,0.5,1.2,2.01
2021-02-16,0.04,0.13,0.57,1.3,2.08
2021-02-17,0.04,0.11,0.57,1.29,2.06
2021-02-18,0.03,0.11,0.56,1.29,2.08
2021-02-19,0.04,0.11,0.59,1.34,2.14
2021-02-22,0.03,0.11,0.61,1.37,2.19
2021-02-23,0.04,0.11,0.59,1.37,2.21
2021-02-24,0.03,0.12,0.62,1.38,2.24
2021-02-25,0.04,0.17,0.81,1.54,2.33
2021-02-26,0.04,0.14,0.75,1.44,2.17
2021-03-01,0.05,0.13,0.71,1.45,2.23
2021-03-02,0.04,0.13,0.67,1.42,2.21
2021-03-03,0.05,0.14,0.73,1.47,2.25
2021-03-04,0.04,0.14,0.77,1.54,2.3
2021-03-05,0.04,0.14,0.79,1.56,2.28
2021-03-08,0.05,0.17,0.86,1.59,2.31
2021-03-09,0.05,0.17,0.83,1.55,2.26
2021-03-10,0.04,0.16,0.8,1.53,2.24
2021-03-11,0.04,0.14,0.78,1.54,2.29
2021-03-12,0.04,0.14,0.85,1.64,2.4
2021-03-15,0.04,0.14,0.84,1.62,2.37
2021-03-16,0.02,0.15,0.83,1.62,2.38
2021-03-17,0.02,0.13,0.8,1.63,2.42
2021-03-18,0.01,0.16,0.86,1.71,2.45
2021-03-19,0.01,0.16,0.9,1.74,2.45
2021-03-22,0.03,0.15,0.87,1.69,2.38
2021-03-23,0.01,0.15,0.83,1.63,2.34
2021-03-24,0.02,0.14,0.83,1.62,2.31
2021-03-25,0.02,0.14,0.82,1.63,2.34
2021-03-26,0.02,0.14,0.85,1.67,2.37
2021-03-29,0.03,0.14,0.89,1.73,2.43
2021-03-30,0.02,0.16,0.9,1.73,2.38
2021-03-31,0.03,0.16,0.92,1.74,2.41
2021-04-01,0.02,0.17,0.9,1.69,2.34
2021-04-02,0.02,0.19,0.97,1.72,2.35
2021-04-05,0.03,0.17,0.94,1.73,2.36
2021-04-06,0.02,0.16,0.88,1.67,2.32
2021-04-07,0.02,0.16,0.87,1.68,2.35
2021-04-08,0.01,0.14,0.85,1.64,2.32
2021-04-09,0.02,0.16,0.87,1.67,2.34
2021-04-12,0.02,0.18,0.89,1.69,2.34
2021-04-13,0.03,0.16,0.85,1.64,2.32
2021-04-14,0.02,0.16,0.87,1.64,2.32
2021-04-15,0.02,0.16,0.81,1.56,2.23
2021-04-16,0.02,0.16,0.84,1.59,2.26
2021-04-19,0.02,0.16,0.85,1.61,2.29
2021-04-20,0.03,0.15,0.81,1.58,2.27
2021-04-21,0.03,0.15,0.81,1.57,2.26
2021-04-22,0.03,0.16,0.81,1.57,2.24
2021-04-23,0.03,0.16,0.83,1.58,2.25
2021-04-26,0.03,0.18,0.85,1.58,2.24
2021-04-27,0.01,0.17,0.88,1.63,2.29
2021-04-28,0.01,0.17,0.86,1.63,2.29
2021-04-29,0.01,0.16,0.86,1.65,2.31
2021-04-30,0.01,0.16,0.86,1.65,2.3
2021-05-03,0.04,0.16,0.84,1.63,2.3
2021-05-04,0.02,0.16,0.82,1.61,2.27
2021-05-05,0.02,0.16,0.8,1.59,2.25
2021-05-06,0.02,0.16,0.81,1.58,2.24
2021-05-07,0.02,0.14,0.77,1.6,2.28
2021-05-10,0.02,0.16,0.8,1.63,2.32
2021-05-11,0.01,0.16,0.8,1.64,2.35
2021-05-12,0.02,0.16,0.87,1.69,2.4
2021-05-13,0.02,0.16,0.84,1.66,2.39
2021-05-14,0.01,0.16,0.82,1.63,2.35
2021-05-17,0.02,0.16,0.84,1.64,2.36
2021-05-18,0.02,0.16,0.83,1.64,2.37
2021-05-19,0.01,0.16,0.87,1.68,2.38
2021-05-20,0.01,0.15,0.83,1.63,2.34
2021-05-21,0.01,0.17,0.84,1.63,2.33
2021-05-24,0.02,0.15,0.82,1.61,2.31
2021-05-25,0.02,0.15,0.79,1.56,2.26
2021-05-26,0.02,0.14,0.8,1.58,2.27
2021-05-27,0.02,0.14,0.81,1.61,2.29
2021-05-28,0.01,0.14,0.79,1.58,2.26
2021-06-01,0.02,0.16,0.81,1.62,2.3
2021-06-02,0.02,0.13,0.8,1.59,2.28
2021-06-03,0.02,0.16,0.84,1.63,2.3
2021-06-04,0.02,0.14,0.78,1.56,2.24
2021-06-07,0.02,0.16,0.79,1.57,2.25
2021-06-08,0.02,0.14,0.77,1.53,2.21
2021-06-09,0.03,0.16,0.75,1.5,2.17
2021-06-10,0.03,0.14,0.73,1.45,2.15
2021-06-11,0.03,0.16,0.76,1.47,2.15
2021-06-14,0.03,0.16,0.8,1.51,2.19
2021-06-15,0.03,0.16,0.79,1.51,2.2
2021-06-16,0.04,0.21,0.89,1.57,2.2
2021-06-17,0.04,0.23,0.9,1.52,2.11
2021-06-18,0.05,0.26,0.89,1.45,2.01
2021-06-21,0.05,0.27,0.9,1.5,2.11
2021-06-22,0.04,0.25,0.87,1.48,2.1
2021-06-23,0.05,0.26,0.9,1.5,2.11
2021-06-24,0.05,0.26,0.9,1.49,2.1
2021-06-25,0.06,0.28,0.92,1.54,2.16
2021-06-28,0.05,0.25,0.9,1.49,2.1
2021-06-29,0.04,0.27,0.89,1.49,2.1
2021-06-30,0.05,0.25,0.87,1.45,2.06
2021-07-01,0.05,0.25,0.89,1.48,2.07
2021-07-02,0.05,0.24,0.86,1.44,2.05
2021-07-06,0.05,0.22,0.81,1.37,2.0
2021-07-07,0.05,0.22,0.79,1.33,1.94
2021-07-08,0.06,0.19,0.74,1.3,1.91
2021-07-09,0.06,0.23,0.79,1.37,1.99
2021-07-12,0.05,0.23,0.81,1.38,2.0
2021-07-13,0.05,0.26,0.85,1.42,2.04
2021-07-14,0.06,0.23,0.8,1.37,1.98
2021-07-15,0.05,0.23,0.78,1.31,1.92
2021-07-16,0.05,0.25,0.79,1.31,1.93
2021-07-19,0.05,0.21,0.7,1.19,1.81
2021-07-20,0.05,0.2,0.69,1.23,1.88
2021-07-21,0.05,0.22,0.74,1.3,1.94
2021-07-22,0.05,0.2,0.71,1.27,1.9
2021-07-23,0.05,0.22,0.72,1.3,1.92
2021-07-26,0.05,0.22,0.73,1.29,1.93
2021-07-27,0.05,0.2,0.71,1.25,1.89
2021-07-28,0.05,0.2,0.72,1.26,1.9
2021-07-29,0.06,0.2,0.73,1.28,1.91
2021-07-30,0.06,0.19,0.69,1.24,1.89
2021-08-02,0.05,0.17,0.66,1.2,1.86
2021-08-03,0.05,0.17,0.65,1.19,1.85
2021-08-04,0.05,0.17,0.67,1.19,1.83
2021-08-05,0.05,0.21,0.72,1.23,1.86
2021-08-06,0.06,0.21,0.77,1.31,1.94
2021-08-09,0.06,0.23,0.79,1.33,1.96
2021-08-10,0.05,0.24,0.82,1.36,1.99
2021-08-11,0.05,0.23,0.81,1.35,1.99
2021-08-12,0.06,0.23,0.83,1.36,2.03
2021-08-13,0.06,0.23,0.79,1.29,1.94
2021-08-16,0.06,0.21,0.75,1.26,1.92
2021-08-17,0.07,0.23,0.77,1.26,1.92
2021-08-18,0.07,0.23,0.79,1.27,1.91
2021-08-19,0.06,0.22,0.78,1.24,1.88
2021-08-20,0.05,0.23,0.8,1.26,1.87
2021-08-23,0.05,0.23,0.78,1.25,1.87
2021-08-24,0.05,0.24,0.8,1.29,1.91
2021-08-25,0.06,0.23,0.84,1.35,1.96
2021-08-26,0.05,0.25,0.84,1.34,1.94
2021-08-27,0.05,0.22,0.79,1.31,1.91
2021-08-30,0.05,0.2,0.77,1.29,1.9
2021-08-31,0.04,0.2,0.77,1.3,1.92
2021-09-01,0.05,0.2,0.78,1.31,1.92
2021-09-02,0.05,0.2,0.78,1.29,1.9
2021-09-03,0.05,0.21,0.78,1.33,1.94
2021-09-07,0.05,0.22,0.82,1.38,1.99
2021-09-08,0.05,0.22,0.81,1.35,1.95
2021-09-09,0.04,0.23,0.79,1.3,1.9
2021-09-10,0.05,0.23,0.82,1.35,1.94
2021-09-13,0.06,0.21,0.81,1.33,1.91
2021-09-14,0.04,0.21,0.79,1.28,1.85
2021-09-15,0.04,0.21,0.81,1.31,1.87
2021-09-16,0.04,0.23,0.84,1.34,1.88
2021-09-17,0.04,0.23,0.88,1.37,1.91
2021-09-20,0.04,0.23,0.83,1.31,1.85
2021-09-21,0.03,0.22,0.84,1.33,1.86
2021-09-22,0.03,0.25,0.86,1.32,1.84
2021-09-23,0.03,0.27,0.94,1.41,1.92
2021-09-24,0.03,0.29,0.97,1.47,1.99
2021-09-27,0.04,0.31,0.98,1.48,1.99
2021-09-28,0.04,0.31,1.02,1.54,2.07
2021-09-29,0.04,0.3,1.01,1.55,2.09
2021-09-30,0.04,0.28,0.98,1.52,2.08
2021-10-01,0.04,0.27,0.93,1.48,2.04
2021-10-04,0.04,0.27,0.95,1.49,2.05
2021-10-05,0.04,0.28,0.98,1.54,2.1
2021-10-06,0.04,0.3,0.99,1.53,2.08
2021-10-07,0.05,0.32,1.02,1.58,2.13
2021-10-08,0.05,0.32,1.05,1.61,2.16
2021-10-12,0.06,0.35,1.08,1.59,2.1
2021-10-13,0.05,0.37,1.09,1.56,2.05
2021-10-14,0.05,0.36,1.05,1.52,2.02
2021-10-15,0.05,0.41,1.13,1.59,2.05
2021-10-18,0.06,0.44,1.16,1.59,2.01
2021-10-19,0.05,0.41,1.17,1.65,2.09
2021-10-20,0.05,0.4,1.16,1.65,2.12
2021-10-21,0.06,0.45,1.23,1.68,2.13
2021-10-22,0.06,0.48,1.22,1.66,2.08
2021-10-25,0.06,0.47,1.19,1.64,2.09
2021-10-26,0.06,0.47,1.2,1.63,2.05
2021-10-27,0.06,0.5,1.16,1.54,1.95
2021-10-28,0.06,0.5,1.18,1.57,1.96
2021-10-29,0.05,0.48,1.18,1.55,1.93
2021-11-01,0.05,0.5,1.2,1.58,1.98
2021-11-02,0.05,0.46,1.15,1.56,1.96
2021-11-03,0.05,0.47,1.19,1.6,2.0
2021-11-04,0.04,0.41,1.1,1.53,1.96
2021-11-05,0.05,0.39,1.04,1.45,1.87
2021-11-08,0.06,0.45,1.13,1.51,1.89
2021-11-09,0.04,0.41,1.08,1.46,1.83
2021-11-10,0.05,0.51,1.23,1.56,1.92
2021-11-12,0.05,0.53,1.24,1.58,1.95
2021-11-15,0.05,0.53,1.26,1.63,2.01
2021-11-16,0.05,0.54,1.27,1.63,2.02
2021-11-17,0.05,0.52,1.24,1.6,2.0
2021-11-18,0.05,0.52,1.22,1.59,1.97
2021-11-19,0.05,0.52,1.22,1.54,1.91
2021-11-22,0.05,0.63,1.33,1.63,1.98
2021-11-23,0.06,0.6,1.33,1.67,2.02
2021-11-24,0.06,0.64,1.34,1.64,1.96
2021-11-26,0.06,0.5,1.16,1.48,1.83
2021-11-29,0.06,0.51,1.18,1.52,1.87
2021-11-30,0.05,0.52,1.14,1.43,1.78
2021-12-01,0.06,0.56,1.15,1.43,1.77
2021-12-02,0.05,0.63,1.21,1.44,1.76
2021-12-03,0.06,0.6,1.13,1.35,1.69
2021-12-06,0.06,0.65,1.21,1.43,1.75
2021-12-07,0.06,0.7,1.26,1.48,1.8
2021-12-08,0.07,0.68,1.27,1.52,1.87
2021-12-09,0.06,0.7,1.26,1.49,1.87
2021-12-10,0.06,0.67,1.25,1.48,1.88
2021-12-13,0.05,0.66,1.21,1.42,1.81
2021-12-14,0.05,0.67,1.23,1.44,1.82
2021-12-15,0.06,0.69,1.26,1.47,1.86
2021-12-16,0.05,0.64,1.19,1.44,1.87
2021-12-17,0.05,0.66,1.18,1.41,1.82
2021-12-20,0.07,0.65,1.17,1.43,1.85
2021-12-21,0.07,0.7,1.24,1.48,1.89
2021-12-22,0.08,0.68,1.23,1.46,1.86
2021-12-23,0.08,0.71,1.25,1.5,1.91
2021-12-27,0.06,0.76,1.26,1.48,1.88
2021-12-28,0.06,0.74,1.27,1.49,1.9
2021-12-29,0.05,0.75,1.29,1.55,1.96
2021-12-30,0.05,0.73,1.27,1.52,1.93
2021-12-31,0.06,0.73,1.26,1.52,1.9
2022-01-03,0.09,0.78,1.37,1.63,2.01
2022-01-04,0.08,0.77,1.37,1.66,2.07
2022-01-05,0.09,0.83,1.43,1.71,2.09
2022-01-06,0.1,0.88,1.47,1.73,2.09
2022-01-07,0.1,0.87,1.5,1.76,2.11
2022-01-10,0.13,0.92,1.53,1.78,2.11
2022-01-11,0.12,0.9,1.51,1.75,2.08
2022-01-12,0.12,0.92,1.5,1.74,2.08
2022-01-13,0.12,0.91,1.47,1.7,2.05
2022-01-14,0.13,0.99,1.55,1.78,2.12
2022-01-18,0.17,1.06,1.65,1.87,2.18
2022-01-19,0.17,1.04,1.62,1.83,2.14
2022-01-20,0.18,1.08,1.62,1.83,2.14
2022-01-21,0.17,1.01,1.54,1.75,2.07
2022-01-24,0.2,0.99,1.53,1.75,2.1
2022-01-25,0.2,1.02,1.56,1.78,2.12
2022-01-26,0.19,1.13,1.66,1.85,2.16
2022-01-27,0.2,1.18,1.66,1.81,2.09
2022-01-28,0.19,1.15,1.61,1.78,2.07
2022-01-31,0.24,1.18,1.62,1.79,2.11
2022-02-01,0.2,1.18,1.63,1.81,2.12
2022-02-02,0.2,1.16,1.6,1.78,2.11
2022-02-03,0.21,1.19,1.66,1.82,2.14
2022-02-04,0.23,1.31,1.78,1.93,2.23
2022-02-07,0.28,1.3,1.76,1.92,2.22
2022-02-08,0.27,1.35,1.81,1.96,2.25
2022-02-09,0.27,1.36,1.82,1.94,2.25
2022-02-10,0.41,1.61,1.96,2.03,2.3
2022-02-11,0.37,1.5,1.84,1.92,2.24
2022-02-14,0.45,1.58,1.9,1.98,2.29
2022-02-15,0.41,1.58,1.94,2.05,2.37
2022-02-16,0.39,1.52,1.9,2.03,2.34
2022-02-17,0.37,1.49,1.85,1.97,2.31
2022-02-18,0.35,1.47,1.82,1.92,2.24
2022-02-22,0.39,1.56,1.85,1.94,2.24
2022-02-23,0.36,1.58,1.89,1.99,2.29
2022-02-24,0.33,1.54,1.84,1.96,2.28
2022-02-25,0.33,1.55,1.86,1.97,2.29
2022-02-28,0.37,1.44,1.71,1.83,2.17
2022-03-01,0.32,1.31,1.56,1.72,2.11
2022-03-02,0.33,1.5,1.74,1.86,2.24
2022-03-03,0.37,1.53,1.74,1.86,2.24
2022-03-04,0.33,1.5,1.65,1.74,2.16
2022-03-07,0.38,1.55,1.71,1.78,2.19
2022-03-08,0.36,1.63,1.8,1.86,2.24
2022-03-09,0.38,1.68,1.87,1.94,2.29
2022-03-10,0.38,1.72,1.92,1.98,2.38
2022-03-11,0.39,1.75,1.96,2.0,2.36
2022-03-14,0.45,1.87,2.1,2.14,2.47
2022-03-15,0.46,1.85,2.1,2.15,2.49
2022-03-16,0.43,1.95,2.18,2.19,2.46
2022-03-17,0.4,1.94,2.17,2.2,2.5
2022-03-18,0.41,1.97,2.14,2.14,2.42
2022-03-21,0.55,2.14,2.33,2.32,2.55
2022-03-22,0.51,2.18,2.39,2.38,2.6
2022-03-23,0.5,2.13,2.34,2.32,2.52
2022-03-24,0.5,2.13,2.37,2.34,2.51
2022-03-25,0.53,2.3,2.55,2.48,2.6
2022-03-28,0.6,2.35,2.54,2.46,2.57
2022-03-29,0.56,2.35,2.49,2.41,2.53
2022-03-30,0.55,2.31,2.44,2.35,2.48
2022-03-31,0.51,2.28,2.42,2.32,2.44
2022-04-01,0.52,2.44,2.55,2.39,2.44
2022-04-04,0.67,2.43,2.56,2.42,2.48
2022-04-05,0.65,2.51,2.69,2.54,2.57
2022-04-06,0.67,2.5,2.7,2.61,2.63
2022-04-07,0.68,2.47,2.7,2.66,2.69
2022-04-08,0.69,2.53,2.76,2.72,2.76
2022-04-11,0.78,2.5,2.79,2.79,2.84
2022-04-12,0.74,2.39,2.66,2.72,2.82
2022-04-13,0.75,2.37,2.66,2.7,2.81
2022-04-14,0.78,2.47,2.79,2.83,2.92
2022-04-18,0.82,2.46,2.79,2.85,2.95
2022-04-19,0.82,2.61,2.91,2.93,3.01
2022-04-20,0.82,2.6,2.87,2.85,2.9
2022-04-21,0.82,2.68,2.96,2.9,2.94
2022-04-22,0.82,2.72,2.94,2.9,2.95
2022-04-25,0.93,2.63,2.84,2.81,2.88
2022-04-26,0.84,2.54,2.79,2.77,2.86
2022-04-27,0.82,2.58,2.81,2.82,2.91
2022-04-28,0.81,2.63,2.86,2.85,2.92
2022-04-29,0.83,2.7,2.92,2.89,2.96
2022-05-02,0.9,2.73,3.01,2.99,3.07
2022-05-03,0.9,2.78,3.01,2.97,3.03
2022-05-04,0.88,2.66,2.93,2.93,3.01
2022-05-05,0.84,2.71,3.01,3.05,3.15
2022-05-06,0.84,2.72,3.06,3.12,3.23
2022-05-09,0.92,2.61,2.95,3.05,3.19
2022-05-10,0.89,2.62,2.91,2.99,3.12
2022-05-11,0.9,2.66,2.89,2.91,3.05
2022-05-12,0.95,2.56,2.81,2.84,3.0
2022-05-13,1.01,2.61,2.89,2.93,3.1
2022-05-16,1.07,2.58,2.83,2.88,3.09
2022-05-17,1.06,2.71,2.96,2.98,3.17
2022-05-18,1.02,2.68,2.89,2.89,3.07
2022-05-19,1.04,2.63,2.84,2.84,3.05
2022-05-20,1.01,2.6,2.8,2.78,2.99
2022-05-23,1.07,2.65,2.88,2.86,3.08
2022-05-24,1.05,2.5,2.76,2.76,2.98
2022-05-25,1.05,2.48,2.71,2.75,2.97
2022-05-26,1.06,2.46,2.7,2.75,2.99
2022-05-27,1.06,2.47,2.71,2.74,2.97
2022-05-31,1.13,2.53,2.81,2.85,3.07
2022-06-01,1.12,2.66,2.94,2.94,3.09
2022-06-02,1.13,2.65,2.92,2.92,3.09
2022-06-03,1.17,2.66,2.95,2.96,3.11
2022-06-06,1.23,2.73,3.03,3.04,3.19
2022-06-07,1.24,2.75,2.99,2.98,3.13
2022-06-08,1.25,2.78,3.03,3.03,3.18
2022-06-09,1.26,2.83,3.07,3.04,3.18
2022-06-10,1.34,3.06,3.25,3.15,3.2
2022-06-13,1.69,3.4,3.56,3.43,3.42
2022-06-14,1.78,3.45,3.61,3.49,3.45
2022-06-15,1.69,3.2,3.38,3.33,3.39
2022-06-16,1.54,3.14,3.35,3.28,3.35
2022-06-17,1.58,3.17,3.34,3.25,3.3
2022-06-21,1.66,3.21,3.38,3.31,3.39
2022-06-22,1.57,3.06,3.22,3.16,3.25
2022-06-23,1.59,3.01,3.14,3.09,3.21
2022-06-24,1.66,3.04,3.18,3.13,3.26
2022-06-27,1.75,3.08,3.24,3.2,3.31
2022-06-28,1.75,3.1,3.25,3.2,3.3
2022-06-29,1.73,3.06,3.15,3.1,3.22
2022-06-30,1.66,2.92,3.01,2.98,3.14
2022-07-01,1.66,2.84,2.88,2.88,3.11
2022-07-05,1.86,2.82,2.82,2.82,3.05
2022-07-06,1.85,2.97,2.96,2.93,3.14
2022-07-07,1.89,3.03,3.05,3.01,3.2
2022-07-08,1.91,3.12,3.13,3.09,3.27
2022-07-11,2.13,3.07,3.05,2.99,3.18
2022-07-12,2.16,3.03,3.01,2.96,3.13
2022-07-13,2.33,3.13,3.02,2.91,3.08
2022-07-14,2.33,3.15,3.06,2.96,3.11
2022-07-15,2.29,3.13,3.05,2.93,3.1
2022-07-18,2.44,3.15,3.06,2.96,3.14
2022-07-19,2.46,3.23,3.14,3.01,3.17
2022-07-20,2.44,3.25,3.18,3.04,3.17
2022-07-21,2.4,3.1,3.0,2.91,3.08
2022-07-22,2.41,2.98,2.87,2.77,3.0
2022-07-25,2.55,3.0,2.89,2.81,3.04
2022-07-26,2.48,3.02,2.89,2.81,3.03
2022-07-27,2.37,2.96,2.82,2.78,3.03
2022-07-28,2.35,2.85,2.69,2.68,3.02
2022-07-29,2.34,2.89,2.7,2.67,3.0
2022-08-01,2.48,2.9,2.66,2.6,2.92
2022-08-02,2.48,3.06,2.85,2.75,3.0
2022-08-03,2.44,3.1,2.86,2.73,2.96
2022-08-04,2.41,3.03,2.76,2.68,2.97
2022-08-05,2.48,3.24,2.97,2.83,3.06
2022-08-08,2.57,3.21,2.91,2.77,3.0
2022-08-09,2.58,3.28,2.97,2.8,3.01
2022-08-10,2.56,3.23,2.93,2.78,3.04
2022-08-11,2.52,3.23,2.98,2.87,3.15
2022-08-12,2.53,3.25,2.97,2.84,3.12
2022-08-15,2.63,3.2,2.91,2.79,3.1
2022-08-16,2.61,3.25,2.95,2.82,3.11
2022-08-17,2.59,3.28,3.04,2.89,3.15
2022-08-18,2.61,3.22,3.02,2.88,3.14
2022-08-19,2.64,3.25,3.11,2.98,3.22
2022-08-22,2.74,3.32,3.17,3.03,3.24
2022-08-23,2.71,3.29,3.18,3.05,3.26
2022-08-24,2.73,3.36,3.2,3.11,3.32
2022-08-25,2.78,3.35,3.15,3.03,3.25
2022-08-26,2.78,3.37,3.2,3.04,3.21
2022-08-29,2.89,3.42,3.27,3.12,3.25
2022-08-30,2.88,3.46,3.27,3.11,3.23
2022-08-31,2.87,3.45,3.3,3.15,3.27
2022-09-01,2.88,3.51,3.39,3.26,3.37
2022-09-02,2.85,3.4,3.3,3.2,3.35
2022-09-06,2.96,3.5,3.43,3.33,3.49
2022-09-07,2.98,3.45,3.37,3.27,3.42
2022-09-08,2.97,3.48,3.39,3.29,3.45
2022-09-09,2.98,3.56,3.45,3.33,3.47
2022-09-12,3.09,3.58,3.47,3.37,3.53
2022-09-13,3.19,3.75,3.58,3.42,3.51
2022-09-14,3.14,3.78,3.6,3.41,3.47
2022-09-15,3.12,3.87,3.66,3.45,3.48
2022-09-16,3.1,3.85,3.62,3.45,3.52
2022-09-19,3.29,3.95,3.69,3.49,3.52
2022-09-20,3.26,3.96,3.75,3.57,3.59
2022-09-21,3.21,4.02,3.74,3.51,3.5
2022-09-22,3.19,4.11,3.91,3.7,3.65
2022-09-23,3.12,4.2,3.96,3.69,3.61
2022-09-26,3.3,4.27,4.15,3.88,3.72
2022-09-27,3.26,4.3,4.21,3.97,3.87
2022-09-28,3.29,4.07,3.92,3.72,3.7
2022-09-29,3.26,4.16,3.98,3.76,3.71
2022-09-30,3.22,4.22,4.06,3.83,3.79
2022-10-03,3.34,4.12,3.9,3.67,3.73
2022-10-04,3.32,4.1,3.84,3.62,3.7
2022-10-05,3.33,4.15,3.96,3.76,3.78
2022-10-06,3.32,4.23,4.05,3.83,3.81
2022-10-07,3.31,4.3,4.14,3.89,3.86
2022-10-11,3.53,4.3,4.14,3.93,3.92
2022-10-12,3.56,4.28,4.12,3.91,3.9
2022-10-13,3.64,4.47,4.21,3.97,3.97
2022-10-14,3.65,4.48,4.25,4.0,3.99
2022-10-17,3.82,4.45,4.24,4.02,4.04
2022-10-18,3.89,4.43,4.21,4.01,4.04
2022-10-19,3.91,4.55,4.35,4.14,4.15
2022-10-20,3.91,4.62,4.45,4.24,4.24
2022-10-21,3.9,4.49,4.34,4.21,4.33
2022-10-24,4.0,4.5,4.36,4.25,4.4
2022-10-25,3.97,4.42,4.25,4.1,4.26
2022-10-26,3.94,4.39,4.2,4.04,4.19
2022-10-27,3.95,4.3,4.09,3.96,4.12
2022-10-28,3.99,4.41,4.19,4.02,4.15
2022-10-31,4.06,4.51,4.27,4.1,4.22
2022-11-01,4.06,4.54,4.27,4.07,4.14
2022-11-02,4.04,4.61,4.3,4.1,4.15
2022-11-03,4.06,4.71,4.36,4.14,4.18
2022-11-04,4.02,4.66,4.33,4.17,4.27
2022-11-07,4.12,4.72,4.39,4.22,4.34
2022-11-08,4.1,4.67,4.31,4.14,4.28
2022-11-09,4.11,4.61,4.27,4.12,4.31
2022-11-10,4.09,4.34,3.95,3.82,4.03
2022-11-14,4.16,4.4,4.0,3.88,4.07
2022-11-15,4.14,4.37,3.93,3.8,3.98
2022-11-16,4.14,4.35,3.83,3.67,3.85
2022-11-17,4.13,4.43,3.93,3.77,3.89
2022-11-18,4.15,4.51,3.99,3.82,3.92
2022-11-21,4.23,4.48,3.97,3.83,3.91
2022-11-22,4.21,4.47,3.93,3.76,3.83
2022-11-23,4.21,4.46,3.88,3.71,3.74
2022-11-25,4.22,4.42,3.85,3.68,3.74
2022-11-28,4.3,4.46,3.88,3.69,3.74
2022-11-29,4.27,4.48,3.92,3.75,3.81
2022-11-30,4.27,4.38,3.82,3.68,3.8
2022-12-01,4.22,4.25,3.68,3.53,3.64
2022-12-02,4.22,4.28,3.67,3.51,3.56
2022-12-05,4.27,4.41,3.8,3.6,3.62
2022-12-06,4.27,4.34,3.73,3.51,3.52
2022-12-07,4.2,4.26,3.62,3.42,3.42
2022-12-08,4.17,4.31,3.71,3.48,3.44
2022-12-09,4.19,4.33,3.75,3.57,3.56
2022-12-12,4.29,4.39,3.8,3.61,3.57
2022-12-13,4.26,4.22,3.66,3.51,3.53
2022-12-14,4.23,4.23,3.64,3.49,3.52
2022-12-15,4.22,4.23,3.62,3.44,3.48
2022-12-16,4.2,4.17,3.61,3.48,3.53
2022-12-19,4.28,4.25,3.7,3.57,3.62
2022-12-20,4.25,4.25,3.79,3.69,3.74
2022-12-21,4.22,4.21,3.78,3.68,3.74
2022-12-22,4.24,4.24,3.79,3.67,3.73
2022-12-23,4.23,4.31,3.86,3.75,3.82
2022-12-27,4.35,4.32,3.94,3.84,3.93
2022-12-28,4.35,4.31,3.97,3.88,3.98
2022-12-29,4.34,4.34,3.94,3.83,3.92
2022-12-30,4.3,4.41,3.99,3.88,3.97
2023-01-03,4.4,4.4,3.94,3.79,3.88
2023-01-04,4.41,4.36,3.85,3.69,3.81
2023-01-05,4.51,4.45,3.9,3.71,3.78
2023-01-06,4.51,4.24,3.69,3.55,3.67
2023-01-09,4.55,4.19,3.66,3.53,3.66
2023-01-10,4.57,4.24,3.72,3.61,3.74
2023-01-11,4.57,4.2,3.66,3.54,3.67
2023-01-12,4.5,4.12,3.53,3.43,3.56
2023-01-13,4.51,4.22,3.6,3.49,3.61
2023-01-17,4.56,4.18,3.6,3.53,3.64
2023-01-18,4.54,4.06,3.43,3.37,3.54
2023-01-19,4.55,4.09,3.48,3.39,3.57
2023-01-20,4.57,4.14,3.56,3.48,3.66
2023-01-23,4.58,4.21,3.61,3.52,3.69
2023-01-24,4.57,4.12,3.58,3.46,3.62
2023-01-25,4.56,4.11,3.54,3.46,3.62
2023-01-26,4.55,4.17,3.58,3.49,3.62
2023-01-27,4.57,4.19,3.62,3.52,3.64
2023-01-30,4.59,4.25,3.68,3.55,3.66
2023-01-31,4.58,4.21,3.63,3.52,3.65
2023-02-01,4.54,4.09,3.48,3.39,3.55
2023-02-02,4.53,4.09,3.49,3.4,3.55
2023-02-03,4.57,4.3,3.67,3.53,3.63
2023-02-06,4.59,4.44,3.81,3.63,3.67
2023-02-07,4.59,4.47,3.85,3.67,3.72
2023-02-08,4.59,4.45,3.82,3.63,3.7
2023-02-09,4.64,4.48,3.87,3.67,3.75
2023-02-10,4.66,4.5,3.93,3.74,3.83
2023-02-13,4.68,4.52,3.93,3.72,3.79
2023-02-14,4.67,4.6,4.0,3.77,3.81
2023-02-15,4.66,4.62,4.04,3.81,3.85
2023-02-16,4.7,4.62,4.06,3.86,3.92
2023-02-17,4.7,4.6,4.03,3.82,3.88
2023-02-21,4.72,4.67,4.16,3.95,3.98
2023-02-22,4.71,4.66,4.13,3.93,3.94
2023-02-23,4.71,4.66,4.09,3.88,3.88
2023-02-24,4.72,4.78,4.19,3.95,3.93
2023-02-27,4.74,4.78,4.17,3.92,3.93
2023-02-28,4.72,4.81,4.18,3.92,3.93
2023-03-01,4.73,4.89,4.27,4.01,3.97
2023-03-02,4.74,4.89,4.32,4.08,4.03
2023-03-03,4.74,4.86,4.26,3.97,3.9
2023-03-06,4.76,4.89,4.27,3.98,3.92
2023-03-07,4.87,5.0,4.31,3.97,3.88
2023-03-08,4.89,5.05,4.34,3.98,3.88
2023-03-09,4.87,4.9,4.22,3.93,3.88
2023-03-10,4.83,4.6,3.96,3.7,3.7
2023-03-13,4.7,4.03,3.68,3.55,3.7
2023-03-14,4.71,4.2,3.78,3.64,3.77
2023-03-15,4.59,3.93,3.59,3.51,3.7
2023-03-16,4.57,4.14,3.72,3.56,3.71
2023-03-17,4.36,3.81,3.44,3.39,3.6
2023-03-20,4.65,3.92,3.56,3.47,3.65
2023-03-21,4.62,4.17,3.73,3.59,3.73
2023-03-22,4.63,3.96,3.54,3.48,3.68
2023-03-23,4.57,3.76,3.39,3.38,3.66
2023-03-24,4.57,3.76,3.41,3.38,3.64
2023-03-27,4.75,3.94,3.59,3.53,3.77
2023-03-28,4.64,4.02,3.63,3.55,3.77
2023-03-29,4.64,4.08,3.67,3.57,3.78
2023-03-30,4.8,4.1,3.66,3.55,3.74
2023-03-31,4.68,4.06,3.6,3.48,3.67
2023-04-03,4.77,3.97,3.52,3.43,3.64
2023-04-04,4.74,3.84,3.39,3.35,3.6
2023-04-05,4.72,3.79,3.36,3.3,3.56
2023-04-06,4.77,3.82,3.37,3.3,3.54
2023-04-07,4.81,3.97,3.49,3.39,3.61
2023-04-10,4.94,4.0,3.52,3.41,3.62
2023-04-11,4.89,4.03,3.54,3.43,3.62
2023-04-12,4.87,3.95,3.46,3.41,3.64
2023-04-13,4.95,3.96,3.51,3.45,3.69
2023-04-14,4.98,4.08,3.6,3.52,3.74
2023-04-17,5.06,4.18,3.69,3.6,3.81
2023-04-18,5.04,4.19,3.69,3.58,3.79
2023-04-19,5.01,4.24,3.71,3.6,3.79
2023-04-20,4.97,4.14,3.63,3.54,3.75
2023-04-21,4.98,4.17,3.66,3.57,3.78
2023-04-24,5.04,4.12,3.6,3.52,3.73
2023-04-25,4.97,3.86,3.43,3.4,3.65
2023-04-26,5.0,3.9,3.46,3.43,3.7
2023-04-27,5.03,4.07,3.6,3.53,3.76
2023-04-28,4.95,4.04,3.51,3.44,3.67
2023-05-01,5.1,4.14,3.64,3.59,3.84
2023-05-02,5.08,3.97,3.46,3.44,3.72
2023-05-03,5.09,3.89,3.37,3.38,3.7
2023-05-04,5.1,3.75,3.29,3.37,3.73
2023-05-05,5.1,3.92,3.41,3.44,3.76
2023-05-08,5.15,4.0,3.49,3.52,3.84
2023-05-09,5.13,4.01,3.51,3.53,3.85
2023-05-10,5.08,3.9,3.37,3.43,3.8
2023-05-11,5.04,3.89,3.36,3.39,3.73
2023-05-12,5.08,3.98,3.45,3.46,3.78
2023-05-15,5.06,3.99,3.46,3.5,3.84
2023-05-16,5.07,4.06,3.52,3.54,3.87
2023-05-17,5.1,4.12,3.58,3.57,3.88
2023-05-18,5.14,4.24,3.69,3.65,3.91
2023-05-19,5.12,4.28,3.76,3.7,3.95
2023-05-22,5.24,4.29,3.77,3.72,3.97
2023-05-23,5.18,4.26,3.76,3.7,3.96
2023-05-24,5.21,4.31,3.75,3.73,3.97
2023-05-25,5.21,4.5,3.9,3.83,4.01
2023-05-26,5.16,4.54,3.92,3.8,3.96
2023-05-30,5.28,4.46,3.81,3.69,3.9
2023-05-31,5.26,4.4,3.74,3.64,3.85
2023-06-01,5.24,4.33,3.7,3.61,3.84
2023-06-02,5.23,4.5,3.84,3.69,3.88
2023-06-05,5.2,4.46,3.82,3.69,3.89
2023-06-06,5.18,4.51,3.85,3.7,3.87
2023-06-07,5.16,4.56,3.93,3.79,3.95
2023-06-08,5.12,4.52,3.87,3.73,3.89
2023-06-09,5.11,4.59,3.92,3.75,3.89
2023-06-12,5.14,4.55,3.89,3.73,3.87
2023-06-13,5.11,4.67,4.01,3.84,3.94
2023-06-14,5.1,4.74,4.06,3.83,3.9
2023-06-15,5.07,4.62,3.91,3.72,3.85
2023-06-16,5.09,4.7,3.99,3.77,3.86
2023-06-20,5.14,4.68,3.96,3.74,3.83
2023-06-21,5.15,4.68,3.95,3.72,3.81
2023-06-22,5.15,4.77,4.03,3.8,3.88
2023-06-23,5.15,4.71,3.99,3.74,3.82
2023-06-26,5.24,4.65,3.96,3.72,3.83
2023-06-27,5.19,4.74,4.02,3.77,3.84
2023-06-28,5.18,4.71,3.97,3.71,3.81
2023-06-29,5.2,4.87,4.14,3.85,3.92
2023-06-30,5.17,4.87,4.13,3.81,3.85
2023-07-03,5.21,4.94,4.19,3.86,3.87
2023-07-05,5.21,4.94,4.25,3.95,3.95
2023-07-06,5.23,4.99,4.37,4.05,4.01
2023-07-07,5.22,4.94,4.35,4.06,4.05
2023-07-10,5.25,4.85,4.25,4.01,4.05
2023-07-11,5.25,4.88,4.24,3.99,4.03
2023-07-12,5.24,4.72,4.07,3.86,3.96
2023-07-13,5.24,4.59,3.93,3.76,3.9
2023-07-14,5.25,4.74,4.04,3.83,3.93
2023-07-17,5.26,4.74,4.02,3.81,3.94
2023-07-18,5.25,4.74,4.0,3.8,3.91
2023-07-19,5.26,4.74,3.98,3.75,3.84
2023-07-20,5.26,4.8,4.08,3.85,3.91
2023-07-21,5.27,4.82,4.09,3.84,3.91
2023-07-24,5.28,4.81,4.13,3.86,3.92
2023-07-25,5.28,4.85,4.15,3.91,3.95
2023-07-26,5.28,4.82,4.09,3.86,3.94
2023-07-27,5.28,4.91,4.24,4.01,4.06
2023-07-28,5.28,4.87,4.18,3.96,4.03
2023-07-31,5.28,4.88,4.18,3.97,4.02
2023-08-01,5.27,4.92,4.24,4.05,4.11
2023-08-02,5.27,4.88,4.24,4.08,4.17
2023-08-03,5.27,4.9,4.3,4.2,4.32
2023-08-04,5.28,4.78,4.15,4.05,4.21
2023-08-07,5.29,4.76,4.16,4.09,4.27
2023-08-08,5.3,4.74,4.1,4.02,4.2
2023-08-09,5.28,4.79,4.12,4.0,4.18
2023-08-10,5.28,4.82,4.21,4.09,4.24
2023-08-11,5.28,4.89,4.31,4.16,4.27
2023-08-14,5.29,4.96,4.36,4.19,4.29
2023-08-15,5.29,4.92,4.36,4.21,4.32
2023-08-16,5.29,4.97,4.42,4.28,4.38
2023-08-17,5.29,4.94,4.42,4.3,4.41
2023-08-18,5.28,4.92,4.38,4.26,4.38
2023-08-21,5.3,4.97,4.46,4.34,4.45
2023-08-22,5.3,5.02,4.49,4.34,4.42
2023-08-23,5.3,4.95,4.36,4.19,4.27
2023-08-24,5.31,4.98,4.39,4.23,4.3
2023-08-25,5.34,5.03,4.44,4.25,4.3
2023-08-28,5.34,4.98,4.38,4.2,4.29
2023-08-29,5.33,4.87,4.26,4.12,4.23
2023-08-30,5.32,4.9,4.27,4.12,4.23
2023-08-31,5.32,4.85,4.23,4.09,4.2
2023-09-01,5.3,4.87,4.29,4.18,4.29
2023-09-05,5.32,4.94,4.37,4.27,4.38
2023-09-06,5.31,5.01,4.44,4.3,4.37
2023-09-07,5.3,4.94,4.38,4.27,4.36
2023-09-08,5.31,4.98,4.39,4.26,4.33
2023-09-11,5.32,4.97,4.4,4.29,4.37
2023-09-12,5.32,4.98,4.41,4.27,4.35
2023-09-13,5.31,4.96,4.39,4.25,4.34
2023-09-14,5.31,5.0,4.42,4.29,4.39
2023-09-15,5.32,5.02,4.45,4.33,4.42
2023-09-18,5.31,5.05,4.46,4.32,4.4
2023-09-19,5.31,5.08,4.51,4.37,4.43
2023-09-20,5.33,5.12,4.52,4.35,4.4
2023-09-21,5.33,5.12,4.61,4.49,4.56
2023-09-22,5.32,5.1,4.57,4.44,4.53
2023-09-25,5.35,5.09,4.62,4.55,4.67
2023-09-26,5.34,5.04,4.62,4.56,4.7
2023-09-27,5.34,5.1,4.67,4.61,4.73
2023-09-28,5.32,5.04,4.62,4.59,4.71
2023-09-29,5.32,5.03,4.6,4.59,4.73
2023-10-02,5.35,5.12,4.72,4.69,4.81
2023-10-03,5.35,5.15,4.8,4.81,4.95
2023-10-04,5.34,5.05,4.72,4.73,4.87
2023-10-05,5.34,5.03,4.68,4.72,4.89
2023-10-06,5.36,5.08,4.75,4.78,4.95
2023-10-10,5.34,4.96,4.62,4.66,4.85
2023-10-11,5.34,4.99,4.59,4.58,4.73
2023-10-12,5.35,5.06,4.69,4.7,4.86
2023-10-13,5.35,5.04,4.65,4.63,4.78
2023-10-16,5.34,5.09,4.72,4.71,4.87
2023-10-17,5.35,5.19,4.86,4.83,4.94
2023-10-18,5.34,5.19,4.92,4.91,5.0
2023-10-19,5.33,5.14,4.95,4.98,5.11
2023-10-20,5.31,5.07,4.86,4.93,5.09
2023-10-23,5.32,5.05,4.81,4.86,5.01
2023-10-24,5.31,5.02,4.82,4.83,4.96
2023-10-25,5.32,5.08,4.89,4.95,5.09
2023-10-26,5.32,5.02,4.79,4.86,5.01
2023-10-27,5.32,4.99,4.76,4.84,5.03
2023-10-30,5.33,5.03,4.8,4.88,5.04
2023-10-31,5.33,5.07,4.82,4.88,5.04
2023-11-01,5.31,4.95,4.67,4.77,4.96
2023-11-02,5.28,4.98,4.65,4.67,4.82
2023-11-03,5.27,4.83,4.49,4.57,4.77
2023-11-06,5.29,4.93,4.6,4.67,4.84
2023-11-07,5.28,4.91,4.53,4.58,4.75
2023-11-08,5.28,4.93,4.51,4.49,4.64
2023-11-09,5.27,5.03,4.65,4.62,4.77
2023-11-10,5.26,5.04,4.65,4.61,4.73
2023-11-13,5.28,5.02,4.66,4.63,4.75
2023-11-14,5.26,4.8,4.42,4.44,4.61
2023-11-15,5.26,4.9,4.52,4.53,4.68
2023-11-16,5.25,4.83,4.43,4.45,4.63
2023-11-17,5.25,4.88,4.45,4.44,4.59
2023-11-20,5.27,4.89,4.44,4.42,4.57
2023-11-21,5.26,4.86,4.41,4.41,4.57
2023-11-22,5.27,4.89,4.44,4.42,4.55
2023-11-24,5.28,4.92,4.49,4.47,4.6
2023-11-27,5.28,4.84,4.38,4.39,4.53
2023-11-28,5.27,4.73,4.29,4.34,4.52
2023-11-29,5.25,4.64,4.22,4.27,4.44
2023-11-30,5.25,4.73,4.31,4.37,4.54
2023-12-01,5.23,4.56,4.14,4.22,4.4
2023-12-04,5.26,4.64,4.23,4.28,4.43
2023-12-05,5.25,4.57,4.14,4.18,4.3
2023-12-06,5.25,4.6,4.12,4.12,4.22
2023-12-07,5.24,4.58,4.11,4.14,4.25
2023-12-08,5.24,4.71,4.24,4.23,4.31
2023-12-11,5.26,4.71,4.25,4.23,4.32
2023-12-12,5.26,4.73,4.23,4.2,4.3
2023-12-13,5.24,4.46,4.0,4.04,4.19
2023-12-14,5.23,4.37,3.9,3.92,4.03
2023-12-15,5.24,4.44,3.91,3.91,4.0
2023-12-18,5.26,4.43,3.94,3.95,4.05
2023-12-19,5.23,4.41,3.94,3.93,4.03
2023-12-20,5.24,4.34,3.86,3.86,3.98
2023-12-21,5.22,4.33,3.87,3.89,4.03
2023-12-22,5.24,4.31,3.87,3.9,4.05
2023-12-26,5.25,4.26,3.89,3.89,4.04
2023-12-27,5.24,4.2,3.78,3.79,3.95
2023-12-28,5.25,4.26,3.83,3.84,3.98
2023-12-29,5.2,4.23,3.84,3.88,4.03
2024-01-02,5.22,4.33,3.93,3.95,4.08
2024-01-03,5.24,4.33,3.9,3.91,4.05
2024-01-04,5.24,4.38,3.97,3.99,4.13
2024-01-05,5.24,4.4,4.02,4.05,4.21
2024-01-08,5.25,4.36,3.97,4.01,4.17
2024-01-09,5.24,4.36,3.97,4.02,4.18
2024-01-10,5.23,4.37,3.99,4.04,4.2
2024-01-11,5.23,4.26,3.9,3.98,4.18
2024-01-12,5.22,4.14,3.84,3.96,4.2
2024-01-16,5.22,4.22,3.95,4.07,4.3
2024-01-17,5.24,4.34,4.02,4.1,4.31
2024-01-18,5.22,4.34,4.04,4.14,4.37
2024-01-19,5.22,4.39,4.08,4.15,4.36
2024-01-22,5.22,4.37,4.03,4.11,4.32
2024-01-23,5.21,4.31,4.06,4.14,4.38
2024-01-24,5.21,4.34,4.06,4.18,4.41
2024-01-25,5.21,4.28,4.01,4.14,4.38
2024-01-26,5.21,4.34,4.04,4.15,4.38
2024-01-29,5.22,4.29,3.97,4.08,4.31
2024-01-30,5.21,4.36,4.0,4.06,4.28
2024-01-31,5.22,4.27,3.91,3.99,4.22
2024-02-01,5.22,4.2,3.8,3.87,4.1
2024-02-02,5.23,4.36,3.99,4.03,4.22
2024-02-05,5.22,4.46,4.13,4.17,4.35
2024-02-06,5.23,4.39,4.03,4.09,4.29
2024-02-07,5.23,4.41,4.06,4.09,4.31
2024-02-08,5.23,4.46,4.12,4.15,4.36
2024-02-09,5.24,4.48,4.14,4.17,4.37
2024-02-12,5.23,4.46,4.13,4.17,4.37
2024-02-13,5.25,4.64,4.31,4.31,4.46
2024-02-14,5.23,4.56,4.25,4.27,4.45
2024-02-15,5.23,4.56,4.22,4.24,4.42
2024-02-16,5.24,4.64,4.29,4.3,4.45
2024-02-20,5.24,4.59,4.25,4.27,4.44
2024-02-21,5.24,4.64,4.3,4.32,4.49
2024-02-22,5.25,4.69,4.33,4.33,4.47
2024-02-23,5.26,4.67,4.28,4.26,4.37
2024-02-26,5.26,4.69,4.29,4.28,4.4
2024-02-27,5.25,4.7,4.32,4.31,4.44
2024-02-28,5.24,4.64,4.26,4.27,4.4
2024-02-29,5.25,4.64,4.26,4.25,4.38
2024-03-01,5.23,4.54,4.17,4.19,4.33
2024-03-04,5.24,4.61,4.21,4.22,4.36
2024-03-05,5.23,4.54,4.13,4.13,4.27
2024-03-06,5.24,4.55,4.12,4.11,4.24
2024-03-07,5.24,4.5,4.07,4.09,4.25
2024-03-08,5.24,4.48,4.06,4.09,4.26
2024-03-11,5.24,4.51,4.08,4.1,4.26
2024-03-12,5.25,4.58,4.15,4.16,4.31
2024-03-13,5.25,4.61,4.19,4.19,4.35
2024-03-14,5.25,4.68,4.29,4.29,4.44
2024-03-15,5.25,4.72,4.33,4.31,4.43
2024-03-18,5.25,4.73,4.36,4.34,4.46
2024-03-19,5.24,4.68,4.31,4.3,4.44
2024-03-20,5.24,4.59,4.25,4.27,4.45
2024-03-21,5.25,4.62,4.26,4.27,4.44
2024-03-22,5.24,4.59,4.2,4.22,4.39
2024-03-25,5.23,4.54,4.23,4.25,4.42
2024-03-26,5.22,4.56,4.22,4.24,4.4
2024-03-27,5.22,4.54,4.18,4.2,4.36
2024-03-28,5.23,4.59,4.21,4.2,4.34
2024-04-01,5.23,4.72,4.34,4.33,4.47
2024-04-02,5.22,4.7,4.35,4.36,4.51
2024-04-03,5.22,4.68,4.34,4.36,4.51
2024-04-04,5.21,4.65,4.3,4.31,4.47
2024-04-05,5.23,4.73,4.38,4.39,4.54
2024-04-08,5.23,4.78,4.43,4.42,4.55
2024-04-09,5.23,4.74,4.37,4.36,4.5
2024-04-10,5.25,4.97,4.61,4.55,4.64
2024-04-11,5.25,4.93,4.61,4.56,4.65
2024-04-12,5.25,4.88,4.54,4.5,4.61
2024-04-15,5.25,4.93,4.65,4.63,4.74
2024-04-16,5.25,4.97,4.69,4.67,4.77
2024-04-17,5.25,4.93,4.62,4.59,4.71
2024-04-18,5.25,4.98,4.68,4.64,4.74
2024-04-19,5.25,4.97,4.66,4.62,4.72
2024-04-22,5.22,4.97,4.66,4.62,4.72
2024-04-23,5.25,4.86,4.63,4.61,4.73
2024-04-24,5.26,4.89,4.64,4.65,4.78
2024-04-25,5.26,4.96,4.7,4.7,4.82
2024-04-26,5.25,4.96,4.68,4.67,4.78
2024-04-29,5.25,4.97,4.65,4.63,4.75
2024-04-30,5.25,5.04,4.72,4.69,4.79
2024-05-01,5.26,4.96,4.64,4.63,4.74
2024-05-02,5.25,4.87,4.57,4.58,4.72
2024-05-03,5.25,4.81,4.48,4.5,4.66
2024-05-06,5.25,4.82,4.48,4.49,4.64
2024-05-07,5.25,4.82,4.48,4.47,4.61
2024-05-08,5.25,4.84,4.5,4.48,4.64
2024-05-09,5.25,4.8,4.47,4.45,4.6
2024-05-10,5.26,4.87,4.52,4.5,4.64
2024-05-13,5.25,4.85,4.5,4.48,4.63
2024-05-14,5.24,4.81,4.46,4.45,4.59
2024-05-15,5.25,4.73,4.35,4.36,4.52
2024-05-16,5.25,4.78,4.4,4.38,4.52
2024-05-17,5.25,4.83,4.44,4.42,4.56
2024-05-20,5.25,4.82,4.46,4.44,4.58
2024-05-21,5.25,4.82,4.43,4.41,4.55
2024-05-22,5.25,4.86,4.47,4.43,4.55
2024-05-23,5.26,4.91,4.52,4.47,4.58
2024-05-24,5.26,4.93,4.53,4.46,4.57
2024-05-28,5.26,4.94,4.56,4.54,4.66
2024-05-29,5.26,4.96,4.63,4.61,4.74
2024-05-30,5.26,4.92,4.57,4.55,4.69
2024-05-31,5.25,4.89,4.52,4.51,4.65
2024-06-03,5.26,4.82,4.42,4.41,4.55
2024-06-04,5.25,4.77,4.35,4.33,4.48
2024-06-05,5.25,4.72,4.31,4.29,4.44
2024-06-06,5.25,4.72,4.29,4.28,4.43
2024-06-07,5.26,4.87,4.46,4.43,4.55
2024-06-10,5.25,4.87,4.48,4.47,4.59
2024-06-11,5.25,4.81,4.41,4.39,4.53
2024-06-12,5.25,4.75,4.32,4.31,4.47
2024-06-13,5.25,4.68,4.24,4.24,4.4
2024-06-14,5.25,4.67,4.22,4.2,4.34
2024-06-17,5.25,4.75,4.3,4.28,4.4
2024-06-18,5.24,4.69,4.24,4.22,4.36
2024-06-20,5.24,4.7,4.26,4.25,4.39
2024-06-21,5.23,4.7,4.26,4.25,4.39
2024-06-24,5.24,4.71,4.27,4.25,4.38
2024-06-25,5.23,4.65,4.25,4.23,4.36
2024-06-26,5.24,4.71,4.32,4.32,4.45
2024-06-27,5.23,4.7,4.29,4.29,4.43
2024-06-28,5.22,4.71,4.33,4.36,4.51
2024-07-01,5.24,4.77,4.44,4.48,4.64
2024-07-02,5.24,4.74,4.39,4.43,4.6
2024-07-03,5.24,4.71,4.33,4.36,4.53
2024-07-05,5.23,4.6,4.22,4.28,4.47
2024-07-08,5.23,4.62,4.23,4.28,4.46
2024-07-09,5.23,4.62,4.24,4.3,4.49
2024-07-10,5.23,4.62,4.24,4.28,4.47
2024-07-11,5.21,4.5,4.13,4.2,4.41
2024-07-12,5.21,4.45,4.1,4.18,4.39
2024-07-15,5.2,4.44,4.13,4.23,4.46
2024-07-16,5.2,4.43,4.09,4.17,4.38
2024-07-17,5.2,4.42,4.07,4.16,4.37
2024-07-18,5.21,4.46,4.11,4.2,4.41
2024-07-19,5.2,4.49,4.16,4.25,4.45
2024-07-22,5.19,4.5,4.17,4.26,4.48
2024-07-23,5.18,4.4,4.15,4.25,4.48
2024-07-24,5.18,4.37,4.12,4.28,4.54
2024-07-25,5.17,4.41,4.13,4.27,4.5
2024-07-26,5.16,4.36,4.06,4.2,4.45
2024-07-29,5.15,4.36,4.05,4.17,4.42
2024-07-30,5.14,4.35,4.03,4.15,4.4
2024-07-31,5.15,4.29,3.97,4.09,4.35
2024-08-01,5.12,4.16,3.84,3.99,4.27
2024-08-02,5.05,3.88,3.62,3.8,4.11
2024-08-05,5.09,3.89,3.62,3.78,4.06
2024-08-06,5.09,3.99,3.73,3.9,4.18
2024-08-07,5.09,4.0,3.79,3.96,4.26
2024-08-08,5.09,4.04,3.83,3.99,4.28
2024-08-09,5.09,4.05,3.8,3.94,4.23
2024-08-12,5.07,4.01,3.75,3.9,4.19
2024-08-13,5.06,3.93,3.68,3.85,4.16
2024-08-14,5.07,3.94,3.67,3.83,4.12
2024-08-15,5.09,4.08,3.79,3.92,4.18
2024-08-16,5.08,4.06,3.77,3.89,4.15
2024-08-19,5.06,4.06,3.75,3.86,4.11
2024-08-20,5.04,3.99,3.7,3.82,4.07
2024-08-21,5.02,3.92,3.64,3.79,4.06
2024-08-22,5.04,3.99,3.72,3.86,4.13
2024-08-23,5.01,3.9,3.65,3.81,4.1
2024-08-26,4.98,3.91,3.66,3.82,4.11
2024-08-27,4.98,3.83,3.66,3.83,4.13
2024-08-28,4.96,3.83,3.63,3.84,4.13
2024-08-29,4.98,3.87,3.66,3.87,4.15
2024-08-30,4.98,3.91,3.71,3.91,4.2
2024-09-03,4.97,3.88,3.65,3.84,4.13
2024-09-04,4.96,3.76,3.56,3.77,4.06
2024-09-05,4.94,3.75,3.54,3.73,4.02
2024-09-06,4.93,3.66,3.5,3.72,4.03
2024-09-09,4.89,3.68,3.49,3.7,4.0
2024-09-10,4.85,3.59,3.43,3.65,3.97
2024-09-11,4.89,3.62,3.45,3.65,3.96
2024-09-12,4.85,3.64,3.47,3.68,4.0
2024-09-13,4.78,3.57,3.43,3.66,3.98
2024-09-16,4.75,3.56,3.41,3.63,3.94
2024-09-17,4.75,3.59,3.44,3.65,3.96
2024-09-18,4.65,3.61,3.47,3.7,4.03
2024-09-19,4.61,3.59,3.49,3.73,4.06
2024-09-20,4.56,3.55,3.48,3.73,4.07
2024-09-23,4.53,3.57,3.51,3.75,4.09
2024-09-24,4.5,3.49,3.47,3.74,4.09
2024-09-25,4.51,3.53,3.52,3.79,4.14
2024-09-26,4.5,3.6,3.55,3.79,4.12
2024-09-27,4.5,3.55,3.5,3.75,4.1
2024-09-30,4.52,3.66,3.58,3.81,4.14
2024-10-01,4.5,3.61,3.51,3.74,4.08
2024-10-02,4.48,3.63,3.55,3.79,4.14
2024-10-03,4.48,3.7,3.62,3.85,4.18
2024-10-04,4.53,3.93,3.81,3.98,4.26
2024-10-07,4.55,3.99,3.86,4.03,4.3
2024-10-08,4.53,3.98,3.86,4.04,4.32
2024-10-09,4.54,3.99,3.91,4.06,4.34
2024-10-10,4.54,3.98,3.91,4.09,4.38
2024-10-11,4.53,3.95,3.88,4.08,4.39
2024-10-15,4.52,3.95,3.86,4.03,4.32
2024-10-16,4.51,3.93,3.84,4.02,4.3
2024-10-17,4.54,3.96,3.9,4.09,4.39
2024-10-18,4.53,3.95,3.88,4.08,4.38
2024-10-21,4.51,4.02,3.98,4.19,4.49
2024-10-22,4.51,4.03,4.0,4.2,4.49
2024-10-23,4.52,4.07,4.05,4.24,4.51
2024-10-24,4.5,4.07,4.03,4.21,4.47
2024-10-25,4.52,4.11,4.07,4.25,4.51
2024-10-28,4.49,4.12,4.11,4.28,4.53
2024-10-29,4.49,4.11,4.11,4.28,4.52
2024-10-30,4.47,4.15,4.14,4.29,4.49
2024-10-31,4.44,4.16,4.15,4.28,4.47
2024-11-01,4.41,4.21,4.22,4.37,4.57
2024-11-04,4.44,4.17,4.17,4.31,4.5
2024-11-05,4.43,4.19,4.16,4.26,4.44
2024-11-06,4.44,4.27,4.27,4.42,4.6
2024-11-07,4.43,4.21,4.17,4.31,4.52
2024-11-08,4.43,4.26,4.2,4.3,4.47
2024-11-12,4.43,4.34,4.32,4.43,4.58
2024-11-13,4.4,4.27,4.3,4.44,4.63
2024-11-14,4.41,4.34,4.32,4.43,4.58
2024-11-15,4.41,4.31,4.3,4.43,4.6
2024-11-18,4.42,4.29,4.28,4.42,4.61
2024-11-19,4.41,4.27,4.25,4.39,4.57
2024-11-20,4.42,4.31,4.28,4.41,4.59
2024-11-21,4.43,4.34,4.3,4.43,4.61
2024-11-22,4.43,4.37,4.3,4.41,4.6
2024-11-25,4.42,4.21,4.17,4.27,4.45
2024-11-26,4.4,4.21,4.17,4.3,4.48
2024-11-27,4.4,4.19,4.11,4.25,4.44
2024-11-29,4.39,4.13,4.05,4.18,4.36
2024-12-02,4.38,4.17,4.08,4.19,4.36
2024-12-03,4.36,4.17,4.11,4.23,4.4
2024-12-04,4.35,4.13,4.07,4.19,4.35
2024-12-05,4.34,4.15,4.07,4.17,4.33
2024-12-06,4.31,4.1,4.03,4.15,4.34
2024-12-09,4.3,4.13,4.07,4.2,4.39
2024-12-10,4.29,4.15,4.09,4.22,4.41
2024-12-11,4.26,4.15,4.13,4.26,4.48
2024-12-12,4.23,4.18,4.18,4.32,4.55
2024-12-13,4.23,4.25,4.25,4.4,4.61
2024-12-16,4.25,4.25,4.25,4.39,4.6
2024-12-17,4.26,4.25,4.26,4.4,4.59
2024-12-18,4.25,4.35,4.4,4.5,4.65
2024-12-19,4.23,4.32,4.43,4.57,4.74
2024-12-20,4.23,4.3,4.37,4.52,4.72
2024-12-23,4.24,4.3,4.44,4.59,4.78
2024-12-24,4.28,4.29,4.43,4.59,4.76
2024-12-26,4.24,4.3,4.42,4.58,4.76
2024-12-27,4.19,4.31,4.45,4.62,4.82
2024-12-30,4.23,4.24,4.37,4.55,4.77
2024-12-31,4.23,4.25,4.38,4.58,4.78
2025-01-02,4.22,4.25,4.38,4.57,4.79
2025-01-03,4.2,4.28,4.41,4.6,4.82
2025-01-06,4.21,4.28,4.42,4.62,4.85
2025-01-07,4.21,4.3,4.46,4.67,4.91
2025-01-08,4.21,4.28,4.45,4.67,4.91
2025-01-09,4.21,4.27,4.46,4.68,4.92
2025-01-10,4.22,4.4,4.59,4.77,4.96
2025-01-13,4.23,4.4,4.61,4.79,4.97
2025-01-14,4.22,4.37,4.59,4.78,4.98
2025-01-15,4.21,4.27,4.45,4.66,4.88
2025-01-16,4.21,4.23,4.39,4.61,4.84
2025-01-17,4.2,4.27,4.42,4.61,4.84
2025-01-21,4.22,4.29,4.4,4.57,4.8
2025-01-22,4.22,4.29,4.43,4.6,4.82
2025-01-23,4.22,4.29,4.45,4.65,4.87
2025-01-24,4.21,4.27,4.43,4.63,4.85
2025-01-27,4.2,4.17,4.32,4.53,4.76
2025-01-28,4.2,4.19,4.33,4.55,4.78
2025-01-29,4.2,4.21,4.35,4.55,4.79
2025-01-30,4.19,4.18,4.31,4.52,4.76
2025-01-31,4.2,4.22,4.36,4.58,4.83
2025-02-03,4.22,4.26,4.35,4.54,4.77
2025-02-04,4.22,4.21,4.31,4.52,4.75
2025-02-05,4.22,4.17,4.24,4.43,4.64
2025-02-06,4.22,4.21,4.28,4.45,4.65
2025-02-07,4.24,4.29,4.34,4.49,4.69
2025-02-10,4.23,4.28,4.34,4.51,4.71
2025-02-11,4.23,4.29,4.37,4.54,4.75
2025-02-12,4.23,4.36,4.48,4.62,4.83
2025-02-13,4.22,4.31,4.39,4.52,4.72
2025-02-14,4.22,4.26,4.33,4.47,4.69
2025-02-18,4.23,4.29,4.4,4.55,4.77
2025-02-19,4.22,4.28,4.37,4.53,4.76
2025-02-20,4.21,4.28,4.34,4.5,4.74
2025-02-21,4.21,4.19,4.26,4.42,4.67
2025-02-24,4.19,4.13,4.23,4.4,4.66
2025-02-25,4.19,4.07,4.12,4.3,4.55
2025-02-26,4.2,4.05,4.06,4.25,4.51
2025-02-27,4.2,4.07,4.09,4.29,4.56
2025-02-28,4.2,3.99,4.03,4.24,4.51
2025-03-03,4.21,3.96,3.97,4.16,4.45
2025-03-04,4.2,3.96,4.01,4.22,4.53
2025-03-05,4.21,3.99,4.08,4.28,4.57
2025-03-06,4.2,3.96,4.06,4.29,4.58
2025-03-07,4.2,3.99,4.09,4.32,4.62
2025-03-10,4.19,3.89,3.98,4.22,4.54
2025-03-11,4.2,3.94,4.03,4.28,4.59
2025-03-12,4.21,4.01,4.09,4.32,4.63
2025-03-13,4.2,3.94,4.02,4.27,4.59
2025-03-14,4.2,4.02,4.09,4.31,4.62
2025-03-17,4.2,4.06,4.11,4.31,4.6
2025-03-18,4.2,4.04,4.07,4.29,4.58
2025-03-19,4.2,3.99,4.03,4.25,4.56
2025-03-20,4.19,3.95,4.01,4.24,4.55
2025-03-21,4.19,3.94,4.0,4.25,4.59
2025-03-24,4.19,4.04,4.09,4.34,4.66
2025-03-25,4.19,3.96,4.07,4.31,4.65
2025-03-26,4.2,3.98,4.08,4.35,4.69
2025-03-27,4.2,3.97,4.09,4.38,4.73
2025-03-28,4.2,3.89,3.98,4.27,4.64
2025-03-31,4.21,3.89,3.96,4.23,4.59
2025-04-01,4.2,3.87,3.91,4.17,4.52
2025-04-02,4.21,3.91,3.95,4.2,4.54
2025-04-03,4.2,3.71,3.75,4.06,4.49
2025-04-04,4.17,3.68,3.72,4.01,4.41
2025-04-07,4.17,3.73,3.82,4.15,4.58
2025-04-08,4.19,3.71,3.88,4.26,4.71
2025-04-09,4.24,3.91,4.06,4.34,4.72
2025-04-10,4.22,3.84,4.04,4.4,4.86
2025-04-11,4.23,3.96,4.15,4.48,4.85
2025-04-14,4.22,3.84,4.02,4.38,4.8
2025-04-15,4.22,3.84,3.98,4.35,4.79
2025-04-16,4.21,3.77,3.91,4.29,4.74
2025-04-17,4.23,3.81,3.95,4.34,4.8
2025-04-21,4.22,3.75,3.97,4.42,4.91
2025-04-22,4.22,3.76,3.98,4.41,4.88
2025-04-23,4.22,3.81,4.0,4.4,4.83
2025-04-24,4.21,3.77,3.91,4.32,4.77
2025-04-25,4.21,3.74,3.88,4.29,4.74
2025-04-28,4.2,3.67,3.81,4.23,4.69
2025-04-29,4.2,3.65,3.77,4.19,4.64
2025-04-30,4.2,3.6,3.72,4.17,4.66
2025-05-01,4.2,3.7,3.81,4.25,4.74
2025-05-02,4.22,3.83,3.92,4.33,4.79
2025-05-05,4.22,3.83,3.95,4.36,4.83
2025-05-06,4.22,3.78,3.9,4.3,4.81
2025-05-07,4.22,3.78,3.87,4.26,4.77
2025-05-08,4.23,3.9,4.0,4.37,4.83
2025-05-09,4.22,3.88,4.0,4.37,4.83
2025-05-12,4.31,3.98,4.09,4.45,4.89
2025-05-13,4.29,4.02,4.12,4.49,4.94
2025-05-14,4.29,4.05,4.17,4.53,4.97
2025-05-15,4.27,3.96,4.07,4.45,4.91
2025-05-16,4.25,3.98,4.06,4.43,4.89
2025-05-19,4.28,3.97,4.07,4.46,4.92
2025-05-20,4.26,3.97,4.07,4.48,4.96
2025-05-21,4.24,4.0,4.15,4.58,5.08
2025-05-22,4.25,4.0,4.11,4.54,5.05
2025-05-23,4.24,4.0,4.08,4.51,5.04
2025-05-27,4.24,3.92,4.04,4.43,4.94
2025-05-28,4.24,3.96,4.05,4.47,4.97
2025-05-29,4.25,3.92,4.0,4.43,4.92
2025-05-30,4.25,3.89,3.96,4.41,4.92
2025-06-02,4.25,3.94,4.01,4.46,4.99
2025-06-03,4.24,3.96,4.04,4.46,4.98
2025-06-04,4.25,3.87,3.93,4.37,4.89
2025-06-05,4.25,3.92,3.99,4.4,4.88
2025-06-06,4.25,4.04,4.13,4.51,4.97
2025-06-09,4.25,4.01,4.09,4.49,4.95
2025-06-10,4.26,4.01,4.08,4.47,4.93
2025-06-11,4.26,3.94,4.02,4.41,4.91
2025-06-12,4.27,3.9,3.97,4.36,4.84
2025-06-13,4.26,3.96,4.02,4.41,4.9
2025-06-16,4.24,3.97,4.04,4.46,4.96
2025-06-17,4.23,3.94,3.99,4.39,4.88
2025-06-18,4.23,3.94,3.98,4.38,4.88
2025-06-20,4.21,3.9,3.96,4.38,4.89
2025-06-23,4.19,3.84,3.91,4.34,4.87
2025-06-24,4.19,3.75,3.86,4.3,4.83
2025-06-25,4.19,3.74,3.83,4.29,4.83
2025-06-26,4.21,3.7,3.79,4.26,4.81
2025-06-27,4.2,3.73,3.83,4.29,4.85
2025-06-30,4.24,3.72,3.79,4.24,4.78
2025-07-01,4.24,3.78,3.84,4.26,4.78
2025-07-02,4.24,3.78,3.87,4.3,4.82
2025-07-03,4.26,3.88,3.94,4.35,4.86
2025-07-07,4.26,3.9,3.96,4.4,4.92
2025-07-08,4.26,3.9,3.99,4.42,4.94
2025-07-09,4.26,3.86,3.92,4.34,4.87
2025-07-10,4.25,3.86,3.93,4.35,4.86
2025-07-11,4.25,3.9,3.99,4.43,4.96
2025-07-14,4.26,3.9,3.98,4.43,4.97
2025-07-15,4.25,3.95,4.05,4.5,5.01
2025-07-16,4.24,3.88,3.99,4.46,5.01
2025-07-17,4.24,3.91,4.01,4.47,5.01
2025-07-18,4.24,3.88,3.96,4.44,5.0
2025-07-21,4.24,3.85,3.91,4.38,4.94
2025-07-22,4.24,3.83,3.88,4.35,4.9
2025-07-23,4.25,3.88,3.94,4.4,4.95
2025-07-24,4.25,3.91,3.98,4.43,4.96
2025-07-25,4.25,3.91,3.95,4.4,4.92
2025-07-28,4.24,3.91,3.96,4.42,4.96
2025-07-29,4.24,3.86,3.9,4.34,4.86
2025-07-30,4.25,3.94,3.96,4.38,4.89
2025-07-31,4.24,3.94,3.96,4.37,4.89
2025-08-01,4.19,3.69,3.77,4.23,4.81
2025-08-04,4.16,3.69,3.75,4.22,4.8
2025-08-05,4.16,3.72,3.77,4.22,4.78
2025-08-06,4.14,3.69,3.77,4.22,4.81
2025-08-07,4.14,3.72,3.79,4.23,4.81
2025-08-08,4.14,3.76,3.84,4.27,4.85
2025-08-11,4.15,3.76,3.83,4.27,4.84
2025-08-12,4.14,3.72,3.83,4.29,4.88
2025-08-13,4.11,3.67,3.77,4.24,4.83
2025-08-14,4.12,3.74,3.82,4.29,4.88
2025-08-15,4.12,3.75,3.85,4.33,4.92
2025-08-18,4.14,3.77,3.86,4.34,4.94
2025-08-19,4.12,3.75,3.82,4.3,4.9
2025-08-20,4.12,3.74,3.81,4.29,4.89
2025-08-21,4.14,3.79,3.86,4.33,4.92
2025-08-22,4.1,3.68,3.76,4.26,4.88
2025-08-25,4.1,3.73,3.8,4.28,4.89
2025-08-26,4.1,3.61,3.75,4.26,4.9
2025-08-27,4.08,3.59,3.69,4.24,4.91
2025-08-28,4.08,3.62,3.69,4.22,4.88
2025-08-29,4.05,3.59,3.68,4.23,4.92
2025-09-02,4.05,3.66,3.74,4.28,4.97
2025-09-03,4.03,3.61,3.69,4.22,4.9
2025-09-04,4.01,3.59,3.65,4.17,4.86
2025-09-05,3.92,3.51,3.59,4.1,4.78
2025-09-08,3.95,3.49,3.57,4.05,4.69
2025-09-09,3.95,3.54,3.61,4.08,4.72
2025-09-10,3.94,3.54,3.59,4.04,4.69
2025-09-11,3.94,3.52,3.59,4.01,4.65
2025-09-12,3.94,3.56,3.63,4.06,4.68
2025-09-15,3.91,3.54,3.61,4.05,4.66
2025-09-16,3.9,3.51,3.59,4.04,4.65
2025-09-17,3.88,3.52,3.62,4.06,4.66
2025-09-18,3.89,3.57,3.67,4.11,4.72
2025-09-19,3.89,3.57,3.68,4.14,4.75
2025-09-22,3.86,3.61,3.71,4.15,4.77
2025-09-23,3.86,3.53,3.68,4.12,4.73
2025-09-24,3.87,3.57,3.7,4.16,4.76
2025-09-25,3.89,3.64,3.75,4.18,4.75
2025-09-26,3.87,3.63,3.76,4.2,4.77
2025-09-29,3.86,3.63,3.74,4.15,4.71
2025-09-30,3.86,3.6,3.74,4.16,4.73
2025-10-01,3.85,3.55,3.68,4.12,4.72
2025-10-02,3.86,3.55,3.67,4.1,4.69
2025-10-03,3.87,3.58,3.72,4.13,4.71
2025-10-06,3.86,3.6,3.75,4.18,4.76
2025-10-07,3.85,3.57,3.71,4.14,4.73
2025-10-08,3.85,3.58,3.72,4.13,4.72
2025-10-09,3.87,3.6,3.74,4.14,4.72
2025-10-10,3.86,3.52,3.65,4.05,4.63
2025-10-14,3.85,3.48,3.6,4.03,4.62
2025-10-15,3.87,3.5,3.63,4.05,4.64
2025-10-16,3.86,3.41,3.55,3.99,4.58
2025-10-17,3.84,3.46,3.59,4.02,4.6
2025-10-20,3.81,3.46,3.58,4.0,4.58
2025-10-21,3.8,3.45,3.56,3.98,4.55
2025-10-22,3.8,3.45,3.56,3.97,4.54
2025-10-23,3.8,3.48,3.61,4.01,4.58
2025-10-24,3.77,3.48,3.61,4.02,4.59
2025-10-27,3.73,3.48,3.61,4.01,4.57
2025-10-28,3.73,3.47,3.6,3.99,4.55
2025-10-29,3.77,3.59,3.7,4.08,4.61
2025-10-30,3.76,3.61,3.72,4.11,4.65
2025-10-31,3.73,3.6,3.71,4.11,4.67
2025-11-03,3.82,3.6,3.72,4.13,4.69
2025-11-04,3.8,3.58,3.69,4.1,4.67
2025-11-05,3.8,3.63,3.76,4.17,4.74
2025-11-06,3.77,3.57,3.69,4.11,4.69
2025-11-07,3.77,3.55,3.67,4.11,4.7
2025-11-10,3.79,3.58,3.72,4.13,4.71
2025-11-12,3.79,3.56,3.68,4.08,4.67
2025-11-13,3.8,3.58,3.71,4.11,4.7
2025-11-14,3.8,3.62,3.74,4.14,4.74
2025-11-17,3.8,3.6,3.72,4.13,4.73
2025-11-18,3.78,3.58,3.7,4.12,4.74
2025-11-19,3.79,3.58,3.71,4.13,4.75
2025-11-20,3.78,3.55,3.68,4.1,4.73
2025-11-21,3.75,3.51,3.62,4.06,4.71
2025-11-24,3.75,3.46,3.61,4.04,4.68
2025-11-25,3.74,3.43,3.55,4.01,4.67
2025-11-26,3.76,3.45,3.56,4.0,4.64
2025-11-28,3.73,3.47,3.59,4.02,4.67
2025-12-01,3.71,3.54,3.67,4.09,4.74
2025-12-02,3.68,3.51,3.66,4.09,4.74
2025-12-03,3.64,3.49,3.62,4.06,4.73
2025-12-04,3.63,3.52,3.68,4.11,4.76
2025-12-05,3.62,3.56,3.72,4.14,4.79
2025-12-08,3.64,3.57,3.75,4.17,4.81
2025-12-09,3.64,3.61,3.78,4.18,4.8
2025-12-10,3.6,3.54,3.72,4.13,4.78
2025-12-11,3.58,3.52,3.72,4.14,4.79
2025-12-12,3.54,3.52,3.75,4.19,4.85
2025-12-15,3.56,3.51,3.73,4.18,4.84
2025-12-16,3.56,3.48,3.69,4.15,4.82
2025-12-17,3.55,3.49,3.7,4.16,4.83
2025-12-18,3.53,3.46,3.66,4.12,4.8
2025-12-19,3.54,3.48,3.7,4.16,4.82
2025-12-22,3.56,3.44,3.71,4.17,4.84
2025-12-23,3.56,3.48,3.72,4.18,4.83
2025-12-24,3.6,3.47,3.7,4.15,4.79
2025-12-26,3.56,3.46,3.68,4.14,4.81
2025-12-29,3.57,3.45,3.67,4.12,4.8
2025-12-30,3.55,3.45,3.68,4.14,4.81
2025-12-31,3.57,3.47,3.73,4.18,4.84
2026-01-02,3.54,3.47,3.74,4.19,4.86
2026-01-05,3.54,3.46,3.71,4.17,4.85
2026-01-06,3.53,3.47,3.72,4.18,4.86
2026-01-07,3.52,3.47,3.7,4.15,4.82
2026-01-08,3.52,3.49,3.74,4.19,4.85
2026-01-09,3.52,3.54,3.75,4.18,4.82
2026-01-12,3.56,3.54,3.77,4.19,4.83
2026-01-13,3.57,3.53,3.75,4.18,4.83
2026-01-14,3.57,3.51,3.72,4.15,4.79
2026-01-15,3.57,3.56,3.77,4.17,4.79
2026-01-16,3.57,3.59,3.82,4.24,4.83
2026-01-20,3.59,3.6,3.86,4.3,4.91
2026-01-21,3.59,3.6,3.83,4.26,4.87
2026-01-22,3.6,3.61,3.85,4.26,4.84
2026-01-23,3.59,3.6,3.84,4.24,4.82
2026-01-26,3.59,3.56,3.82,4.22,4.8
2026-01-27,3.58,3.53,3.81,4.24,4.83
2026-01-28,3.59,3.56,3.83,4.26,4.85
2026-01-29,3.59,3.53,3.8,4.24,4.85
2026-01-30,3.58,3.52,3.79,4.26,4.87
2026-02-02,3.6,3.57,3.83,4.29,4.9
2026-02-03,3.6,3.57,3.83,4.28,4.9
2026-02-04,3.6,3.57,3.83,4.29,4.91
2026-02-05,3.59,3.47,3.74,4.21,4.85
2026-02-06,3.6,3.5,3.76,4.22,4.85
2026-02-09,3.6,3.48,3.75,4.22,4.85
2026-02-10,3.6,3.45,3.7,4.16,4.78
2026-02-11,3.61,3.52,3.75,4.18,4.82
2026-02-12,3.61,3.47,3.67,4.09,4.72
2026-02-13,3.6,3.4,3.61,4.04,4.69
2026-02-17,3.61,3.43,3.63,4.05,4.68
2026-02-18,3.61,3.47,3.66,4.09,4.71
2026-02-19,3.61,3.47,3.65,4.08,4.7
2026-02-20,3.6,3.48,3.65,4.08,4.72
2026-02-23,3.6,3.43,3.59,4.03,4.7
2026-02-24,3.6,3.43,3.61,4.04,4.7
2026-02-25,3.6,3.45,3.61,4.05,4.7
2026-02-26,3.6,3.42,3.57,4.02,4.67
2026-02-27,3.59,3.38,3.51,3.97,4.64
2026-03-02,3.61,3.47,3.62,4.05,4.7
2026-03-03,3.6,3.51,3.63,4.06,4.7
